platform,product_id,title,url,item_code,kind_code,match_status,base_price,member_price,member_discount_scope,shipping_fee,quantity,unit,available,observed_date,collected_at,seller,origin,exclusion_reason,unit_price,comparable_total
naver,411a0aec1c837aeedc4a716c,"명성쌀 공식 우수셀러 새 창에서 열림 [N배송] 백진주 쌀 10kg 백미 단일품종 경기미 39,900 원 (100g당 399원) 39,800 원 최대할인가 상세보기 N새벽배송 내일(일) 07시 전 도착 무료배송 별점 4.86 리뷰 3,523 새 창에서 열림",https://smartstore.naver.com/main/products/10980895487?nl-query=%EC%8C%80%2010kg&nl-au=b0f8447895914f50a34064652bc41c71&NaPm=ci%3Db0f8447895914f50a34064652bc41c71%7Cct%3Dmurz08wu%7Ctr%3Dnslsl%7Csn%3D715588%7Chk%3D5f9bd8605e9b8282719c423ceba6a8fc000993bb,111,10,exact,39900,,unknown,0,1,kamis_retail_unit,True,2026-10-03,2026-10-03T14:47:48.803321+09:00,,,,39900,39900
naver,ed62539b2e8bb3eb83d3bde2,"명성쌀 공식 우수셀러 새 창에서 열림 명성미곡처리장 명성쌀 햅쌀 고시히카리 10kg, 1개 44,900 원 (100g당 449원) 최저가 44,800 원 최대할인가 상세보기 N새벽배송 내일(일) 07시 전 도착 무료배송 별점 4.84 리뷰 8,306 새 창에서 열림",https://smartstore.naver.com/main/products/5172468786?nl-query=%EC%8C%80%2010kg&nl-au=4aee1f18994346da90f71b8a1c218359&NaPm=ci%3D4aee1f18994346da90f71b8a1c218359%7Cct%3Dmurz08wu%7Ctr%3Dnslctg%7Csn%3D715588%7Chk%3D9c15c7d27bdb35193ddec72a4948bf8e29fe122b,111,10,exact,44900,,unknown,0,1,kamis_retail_unit,True,2026-10-03,2026-10-03T14:47:48.883362+09:00,,,,44900,44900
naver,949f2354e3fe5316d2023a0f,"대한민국농수산 공식 우수셀러 새 창에서 열림 맛있는 쌀 10kg 백미 새청무쌀 당일도정 할인 전 판매가 37,900원 13% 할인 32,900 원 (100g당 329원) 32,570 원 최대할인가 상세보기 무료배송 별점 4.84 리뷰 49,064 새 창에서 열림",https://smartstore.naver.com/main/products/6651034148?nl-query=%EC%8C%80%2010kg&nl-au=e68197334b9d4971a21a8d0f6beed923&NaPm=ci%3De68197334b9d4971a21a8d0f6beed923%7Cct%3Dmurz08wu%7Ctr%3Dnslsl%7Csn%3D313515%7Chk%3D7da537668f8f500f9451b55f4595c27d32d9f460,111,10,exact,32900,,unknown,0,1,kamis_retail_unit,True,2026-10-03,2026-10-03T14:47:48.886931+09:00,,,,32900,32900
naver,ac3f774ade0dbf46cdad51cd,"멤버십 전용 컬리N마트 우수셀러 새 창에서 열림 땅끝 해남 쌀 10kg 39,900 원 (100g당 399원) 34,400 원 멤버십쿠폰가 상세보기 배송비 별도 새벽배송 별점 4.81 리뷰 6,994 새 창에서 열림",https://smartstore.naver.com/main/products/12280015365?nl-query=%EC%8C%80%2010kg&nl-au=3a1ca36c27c84aeb9348256b24df1a8c&NaPm=ci%3D3a1ca36c27c84aeb9348256b24df1a8c%7Cct%3Dmurz08wu%7Ctr%3Dnslsl%7Csn%3D12255929%7Chk%3D6f17f49363db55276b5796731eea9d177e7bfd1b,111,10,rejected,39900,,restricted,0,1,kamis_retail_unit,True,2026-10-03,2026-10-03T14:47:48.889352+09:00,,,shipping_unknown,39900,39900
naver,24b168ca0eb7177e915bc988,"클릭 연관 2026년 햅쌀 특등급 백진주 삼광 쌀 백미 햅쌀 당일도정 10kg 할인 전 판매가 53,500원 18% 할인 43,870 원 (100g당 4,387원) 42,870 원 최대할인가 상세보기 별점 4.76 리뷰 403 새 창에서 열림",https://smartstore.naver.com/main/products/8338922762?nl-query=%EC%8C%80%2010kg&nl-au=c80fbcf5a2d145bc86d18682a47a8bdf&NaPm=ci%3Dc80fbcf5a2d145bc86d18682a47a8bdf%7Cct%3Dmurz09ho%7Ctr%3Dnslpsb%7Csn%3D%7Chk%3D79b7015ee0e352a97d9230ff40b13119cca1a949,111,10,rejected,43870,,unknown,0,1,kamis_retail_unit,True,2026-10-03,2026-10-03T14:47:48.892757+09:00,,,shipping_unknown,43870,43870
naver,bc35d05de32c80efcec3af73,"땡큐파머스 우수셀러 새 창에서 열림 삼광쌀 10kg 맛있는 삼광미 쌀 당일도정 백미 할인 전 판매가 52,900원 24% 할인 39,900 원 (100g당 399원) 39,400 원 최대할인가 상세보기 무료배송 별점 4.8 리뷰 14,351 새 창에서 열림",https://smartstore.naver.com/main/products/10463687889?nl-query=%EC%8C%80%2010kg&nl-au=782f78406a8640778abfb51ca1dd1a3e&NaPm=ci%3D782f78406a8640778abfb51ca1dd1a3e%7Cct%3Dmurz08wu%7Ctr%3Dnslsl%7Csn%3D590530%7Chk%3Da9a7c301eee1e695fe029104070fb492f7bed077,111,10,exact,39900,,unknown,0,1,kamis_retail_unit,True,2026-10-03,2026-10-03T14:47:48.903758+09:00,,,,39900,39900
naver,d598be86159786ba76885eea,"평택농협 슈퍼오닝쌀 우수셀러 새 창에서 열림 평택안중농협 슈퍼오닝쌀 고시히카리 10kg, 1개 44,000 원 (100g당 440원) 최저가 43,020 원 최대할인가 상세보기 무료배송 별점 4.88 리뷰 832 새 창에서 열림",https://smartstore.naver.com/main/products/13719967111?nl-query=%EC%8C%80%2010kg&nl-au=340e01c040334f3fb6298c645d5a7441&NaPm=ci%3D340e01c040334f3fb6298c645d5a7441%7Cct%3Dmurz08wv%7Ctr%3Dnslctg%7Csn%3D12173259%7Chk%3D61d54306f90dafd9b04714407db766be1020a54b,111,10,exact,44000,,unknown,0,1,kamis_retail_unit,True,2026-10-03,2026-10-03T14:47:48.908755+09:00,,,,44000,44000
naver,fdf08dcdfec1615919a71fbb,"명성쌀 공식 우수셀러 새 창에서 열림 [N배송] 26년산 햅쌀 풍성한밥상 경기미 백미 10kg, 1개 37,900 원 (100g당 379원) 37,800 원 최대할인가 상세보기 N새벽배송 내일(일) 07시 전 도착 무료배송 별점 4.84 리뷰 2,194 새 창에서 열림",https://smartstore.naver.com/main/products/10442841316?nl-query=%EC%8C%80%2010kg&nl-au=6f0e0ed4f8e746f4b75d5e11c8cfa8ce&NaPm=ci%3D6f0e0ed4f8e746f4b75d5e11c8cfa8ce%7Cct%3Dmurz08wv%7Ctr%3Dnslsl%7Csn%3D715588%7Chk%3D04e507831ba6db9720bb2c359ace5dcfeb507f5c,111,10,exact,37900,,unknown,0,1,kamis_retail_unit,True,2026-10-03,2026-10-03T14:47:48.913771+09:00,,,,37900,37900
naver,2f296281d9ffe82bd31cb815,"자연이랑쌀이랑 새 창에서 열림 [N배송 주말배송] 쌀10kg 고시히카리 수향미 찰진쌀 해와들 경기미 2026년 햅쌀 할인 전 판매가 45,800원 18% 할인 37,300 원 (100g당 373원) N일요배송 내일 10.4.(일) 도착 무료배송 별점 4.87 리뷰 576 새 창에서 열림",https://smartstore.naver.com/main/products/13436186758?nl-query=%EC%8C%80%2010kg&nl-au=f600c28284a54e8ea6dc0b61f916bb9b&NaPm=ci%3Df600c28284a54e8ea6dc0b61f916bb9b%7Cct%3Dmurz08wv%7Ctr%3Dnslsl%7Csn%3D12514836%7Chk%3D5facd467422ffbfdace6ce2209d152ee1e583e6b,111,10,exact,37300,,unknown,0,1,kamis_retail_unit,True,2026-10-03,2026-10-03T14:47:48.922800+09:00,,,,37300,37300
naver,d9f782f13b44b2cf15928558,"전라도청년 새 창에서 열림 25년 햅쌀 당일도정 전라도청년 쌀 10kg 백미 새청무 단일품종 할인 전 판매가 45,900원 21% 할인 35,900 원 (100g당 359원) 35,400 원 최대할인가 상세보기 무료배송 별점 4.81 리뷰 649 새 창에서 열림",https://smartstore.naver.com/main/products/9817982511?nl-query=%EC%8C%80%2010kg&nl-au=a100f5a37b5a4e2abc0f4c3eeccbeeda&NaPm=ci%3Da100f5a37b5a4e2abc0f4c3eeccbeeda%7Cct%3Dmurz08xl%7Ctr%3Dnslsl%7Csn%3D1917738%7Chk%3D016a0d31912a695341110d62c9bc7174d87febb1,111,10,exact,35900,,unknown,0,1,kamis_retail_unit,True,2026-10-03,2026-10-03T14:47:48.927526+09:00,,,,35900,35900
coupang,dec7b87e4271182c376bb510,"예천군농협 예담진미 영호진미쌀 상등급, 10kg, 1개39,900원23%30,400원(100g당 304원)내일(일) 도착 보장무료배송(20,463)최대 1,520원 적립1",,111,10,exact,30400,,unknown,0,1,kamis_retail_unit,True,2026-10-03,2026-10-03T14:50:54.824072+09:00,,,,30400,30400
coupang,39936576049871a2057df1f4,"곰곰 2026년산 햅쌀 소중한 우리쌀 상등급, 10kg, 1개42,800원15%35,990원(100g당 360원)내일(일) 도착 보장무료배송(632,636)최대 1,800원 적립2",,111,10,exact,35990,,unknown,0,1,kamis_retail_unit,True,2026-10-03,2026-10-03T14:50:54.870084+09:00,,,,35990,35990
coupang,c21c1012c1f48c8d2ea0546e,"집밥 백미 쌀 10kg, 1개, 등 외27,800원(100g당 278원)내일(일) 도착 보장무료배송(10,541)최대 1,390원 적립3",,111,10,exact,27800,,unknown,0,1,kamis_retail_unit,True,2026-10-03,2026-10-03T14:50:54.872067+09:00,,,,27800,27800
coupang,d50285739868227d01b41c59,"이천남부농협 GAP 인증 2026년산 햅쌀 임금님표 이천쌀 상등급, 10kg, 1개46,900원(100g당 469원)내일(일) 도착 보장무료배송(48,862)최대 2,295원 적립4",,111,10,exact,46900,,unknown,0,1,kamis_retail_unit,True,2026-10-03,2026-10-03T14:50:54.875082+09:00,,,,46900,46900
coupang,a99dd14fc5f7bda49e48b930,"창녕군농협 억만금 황금 메뚜기쌀 상등급, 10kg, 1개41,000원12%35,900원(100g당 359원)내일(일) 도착 보장무료배송(290,028)최대 1,695원 적립5",,111,10,exact,35900,,unknown,0,1,kamis_retail_unit,True,2026-10-03,2026-10-03T14:50:54.878117+09:00,,,,35900,35900
coupang,5e9ce4770a68b599476493ad,"구미시농협 일품쌀 백미 상등급, 10kg, 1개31,900원(100g당 319원)내일(일) 도착 보장무료배송(873)최대 1,595원 적립7",,111,10,exact,31900,,unknown,0,1,kamis_retail_unit,True,2026-10-03,2026-10-03T14:50:54.880170+09:00,,,,31900,31900
coupang,0693f68464e3c1a65fe0fa63,"구미시농협 일선정품 쌀 백미 상등급, 10kg, 1개62,120원(100g당 621원)10/7(수) 도착 예정무료배송(1,963)최대 3,106원 적립8",,111,10,exact,62120,,unknown,0,1,kamis_retail_unit,True,2026-10-03,2026-10-03T14:50:54.883190+09:00,,,,62120,62120
coupang,0e74df760582ed834fe81ab9,"태안군농협 단일품종 삼광쌀 상등급, 10kg, 1개40,000원20%31,900원(100g당 319원)내일(일) 도착 보장무료배송(10,358)최대 1,545원 적립9",,111,10,exact,31900,,unknown,0,1,kamis_retail_unit,True,2026-10-03,2026-10-03T14:50:54.886178+09:00,,,,31900,31900
naver,5c95140d6f2246c8263a3fee,"멤버십 전용 컬리N마트 우수셀러 새 창에서 열림 [KF365] 감자 1kg 할인 전 판매가 4,990원 20% 할인 3,990 원 (100g당 399원) 1,490 원 멤버십쿠폰가 상세보기 배송비 별도 새벽배송 별점 4.85 리뷰 13,177 새 창에서 열림",https://smartstore.naver.com/main/products/12273066792?nl-query=%EA%B0%90%EC%9E%90%201kg&nl-au=eea5e7ece0f04178bc23e9e6f5d48471&NaPm=ci%3Deea5e7ece0f04178bc23e9e6f5d48471%7Cct%3Dmurz0dn2%7Ctr%3Dnslsl%7Csn%3D12255929%7Chk%3Da2f391521fa22fd032164df2663f6660ce9301b4,152,00,rejected,3990,,restricted,0,1,kamis_retail_unit,True,2026-10-03,2026-10-03T14:47:55.009496+09:00,,,shipping_unknown,3990,3990
naver,3f3b733a2c1109995e38524e,"야채왕 우수셀러 새 창에서 열림 야채왕 감자 1kg 포슬포슬 눈꽃같은 감자 구수한 맛 2,700 원 (100g당 270원) 배송비 3,500원 N새벽배송 10.6.(화) 07시 전 도착 무료교환반품 별점 4.86 리뷰 551 새 창에서 열림",https://smartstore.naver.com/main/products/5486040138?nl-query=%EA%B0%90%EC%9E%90%201kg&nl-au=9c08a748e95f47328934f0a2219c619e&NaPm=ci%3D9c08a748e95f47328934f0a2219c619e%7Cct%3Dmurz0dn3%7Ctr%3Dnslsl%7Csn%3D2358029%7Chk%3Da4e4834fb9d986129957d8c1624ac0c123818b85,152,00,exact,2700,,unknown,3500,1,kamis_retail_unit,True,2026-10-03,2026-10-03T14:47:55.013493+09:00,,,,6200,6200
naver,58e6cba05dbd4381738ba1d7,"TheGamJa 새 창에서 열림 국산 깐감자 1kg 3,500 원 (100g당 350원) 배송비 3,000원 별점 4.88 리뷰 165 새 창에서 열림",https://smartstore.naver.com/main/products/5292335525?nl-query=%EA%B0%90%EC%9E%90%201kg&nl-au=d2bfbefa953c49eeab68b388e2b40915&NaPm=ci%3Dd2bfbefa953c49eeab68b388e2b40915%7Cct%3Dmurz0dn3%7Ctr%3Dnslsl%7Csn%3D634883%7Chk%3D3556943a837589830136e7cc6ff3544a9101c079,152,00,exact,3500,,unknown,3000,1,kamis_retail_unit,True,2026-10-03,2026-10-03T14:47:55.019495+09:00,,,,6500,6500
naver,bd381cb28bd6797a4b8b0ac8,"TheGamJa 새 창에서 열림 국내산 조림감자, 알감자 1kg 5,000 원 (100g당 500원) 배송비 3,000원 별점 4.67 리뷰 2,066 새 창에서 열림",https://smartstore.naver.com/main/products/2418324544?nl-query=%EA%B0%90%EC%9E%90%201kg&nl-au=dc45a809145444fdabfe5eb4ea58bb01&NaPm=ci%3Ddc45a809145444fdabfe5eb4ea58bb01%7Cct%3Dmurz0dn3%7Ctr%3Dnslsl%7Csn%3D634883%7Chk%3D3fe9b6df2433f43e43d1920d31adbf07c546123f,152,00,exact,5000,,unknown,3000,1,kamis_retail_unit,True,2026-10-03,2026-10-03T14:47:55.064434+09:00,,,,8000,8000
naver,30cfe7757db793d833f787b6,"멤버십 전용 컬리N마트 우수셀러 새 창에서 열림 [팜송] 왕감자 1kg 4,990 원 (100g당 499원) 3,990 원 멤버십쿠폰가 상세보기 배송비 별도 새벽배송 별점 4.84 리뷰 804 새 창에서 열림",https://smartstore.naver.com/main/products/13347274680?nl-query=%EA%B0%90%EC%9E%90%201kg&nl-au=52759fd15ed14ae297e3d7f86d72e2cc&NaPm=ci%3D52759fd15ed14ae297e3d7f86d72e2cc%7Cct%3Dmurz0dn3%7Ctr%3Dnslsl%7Csn%3D12255929%7Chk%3D21695316def7f2bb9c3c63e1ad8743da68e8ebff,152,00,rejected,4990,,restricted,0,1,kamis_retail_unit,True,2026-10-03,2026-10-03T14:47:55.070434+09:00,,,shipping_unknown,4990,4990
naver,bed30f39c9727dcbf27ae68c,"[KF365] 감자 1kg 할인 전 판매가 4,990원 20% 할인 3,990 원 (100g당 399원) 1,490 원 멤버십쿠폰가 상세보기 배송비 별도 오늘배송 새 창에서 열림",https://shopping.naver.com/window-products/kurlynmart/12273066792?nl-query=%EA%B0%90%EC%9E%90%201kg&nl-au=c09d58b301914ba3b5cdae2dd981c5a8&NaPm=ci%3Dc09d58b301914ba3b5cdae2dd981c5a8%7Cct%3Dmurz0e5n%7Ctr%3Dnslknm%7Csn%3DCC02%7Chk%3De5d3d6c421cd1622b508158c22fc8b09493afb8b,152,00,rejected,3990,,restricted,0,1,kamis_retail_unit,True,2026-10-03,2026-10-03T14:47:55.075435+09:00,,,shipping_unknown,3990,3990
naver,680e0a6e29ea7eab3cf26d22,"Kurly Only [팜송] 왕감자 1kg 4,990 원 (100g당 499원) 3,990 원 멤버십쿠폰가 상세보기 배송비 별도 오늘배송 새 창에서 열림",https://shopping.naver.com/window-products/kurlynmart/13347274680?nl-query=%EA%B0%90%EC%9E%90%201kg&nl-au=d1e004eda13140e19a4ba235124cb826&NaPm=ci%3Dd1e004eda13140e19a4ba235124cb826%7Cct%3Dmurz0e5n%7Ctr%3Dnslknm%7Csn%3DCC02%7Chk%3D60afe518d4a12a91a765403c92670e5ad9ed2b86,152,00,rejected,4990,,restricted,0,1,kamis_retail_unit,True,2026-10-03,2026-10-03T14:47:55.081434+09:00,,,shipping_unknown,4990,4990
naver,1f9880d48f70f4217c581330,"saebarum 새 창에서 열림 국내산 깐감자 1kg 3,500 원 (100g당 350원) 배송비 3,000원 별점 4.91 리뷰 143 새 창에서 열림",https://smartstore.naver.com/main/products/6627178467?nl-query=%EA%B0%90%EC%9E%90%201kg&nl-au=f3baee3562d64fb19f1e2d2949b18721&NaPm=ci%3Df3baee3562d64fb19f1e2d2949b18721%7Cct%3Dmurz0dn3%7Ctr%3Dnslsl%7Csn%3D5889066%7Chk%3D8df371f973cd141cb3f5e030a3d98978a0db1ab5,152,00,exact,3500,,unknown,3000,1,kamis_retail_unit,True,2026-10-03,2026-10-03T14:47:55.086434+09:00,,,,6500,6500
naver,d793b0cb21856633188eb230,"싱싱채소 그린팜 우수셀러 새 창에서 열림 알감자 1kg 2,500 원 (100g당 250원) 배송비 3,500원 별점 4.78 리뷰 156 새 창에서 열림",https://smartstore.naver.com/main/products/4745058101?nl-query=%EA%B0%90%EC%9E%90%201kg&nl-au=1fe3084021084641a9ac6264d2604dfd&NaPm=ci%3D1fe3084021084641a9ac6264d2604dfd%7Cct%3Dmurz0dn3%7Ctr%3Dnslsl%7Csn%3D800579%7Chk%3Debf2e9c4614cf4d3fea0210f233cb8dbd4855ce8,152,00,exact,2500,,unknown,3500,1,kamis_retail_unit,True,2026-10-03,2026-10-03T14:47:55.090419+09:00,,,,6000,6000
naver,bc2d9c0a4d469490afaeff84,"신일푸드팜 새 창에서 열림 신정푸드 증숙알감자 1kg 할인 전 판매가 5,500원 7% 할인 5,100 원 배송비 3,000원 별점 4.72 리뷰 215 새 창에서 열림",https://smartstore.naver.com/main/products/4675117538?nl-query=%EA%B0%90%EC%9E%90%201kg&nl-au=2a5f8ec68f3645e88d145b5047851395&NaPm=ci%3D2a5f8ec68f3645e88d145b5047851395%7Cct%3Dmurz0dob%7Ctr%3Dnslsl%7Csn%3D887440%7Chk%3D0e1a73d1bd4fcf856b156b1321987354d3945b9b,152,00,exact,5100,,unknown,3000,1,kamis_retail_unit,True,2026-10-03,2026-10-03T14:47:55.107435+09:00,,,,8100,8100
naver,c34858ce2df4932440471734,"이마트에브리데이 네이버 지금배달 새 창에서 열림 (A) 감자 (1kg/봉) 3,980 원 (100g당 398원) 3,580 원 최대할인가 상세보기 배송비 별도 첫구매 400원 쿠폰 별점 4.66 리뷰 71 새 창에서 열림",https://shopping.naver.com/outlink/itemdetail/10540874518?nl-query=%EA%B0%90%EC%9E%90%201kg&nl-au=c34ae5cbb7d64371bb17f3eb78dc1a30&NaPm=ci%3Dc34ae5cbb7d64371bb17f3eb78dc1a30%7Cct%3Dmurz0doc%7Ctr%3Dnslsl%7Csn%3D9271926%7Chk%3Db3c2b6829f829b7386c92b1d814d2c870a5f36e3,152,00,rejected,3980,,restricted,0,1,kamis_retail_unit,True,2026-10-03,2026-10-03T14:47:55.120435+09:00,,,shipping_unknown,3980,3980
naver,c32a8d01c1f796d2c5ba0244,"유기농 코리아 새 창에서 열림 국내산 유기농 수미 감자 친환경 무농약 1kg 할인 전 판매가 6,200원 53% 할인 2,900 원 (100g당 290원) 배송비 4,000원 별점 5.0 리뷰 2 새 창에서 열림",https://smartstore.naver.com/main/products/13648084536?nl-query=%EA%B0%90%EC%9E%90%201kg&nl-au=e93ea49022e14a2db4ececaa72c82987&NaPm=ci%3De93ea49022e14a2db4ececaa72c82987%7Cct%3Dmurz0doc%7Ctr%3Dnslsl%7Csn%3D12478545%7Chk%3De663b0ce7f2aa798ddaeddfd33143de4efb730ff,152,00,exact,2900,,unknown,4000,1,kamis_retail_unit,True,2026-10-03,2026-10-03T14:47:55.123433+09:00,,,,6900,6900
naver,3f4bf9ae70542ad3c1e08a41,"에브리데이 퀵배송 네이버 지금배달 새 창에서 열림 (A) 감자 (1kg/봉) 3,980 원 (100g당 398원) 3,580 원 최대할인가 상세보기 배송비 별도 첫구매 400원 쿠폰 별점 5.0 리뷰 8 새 창에서 열림",https://shopping.naver.com/outlink/itemdetail/11916284989?nl-query=%EA%B0%90%EC%9E%90%201kg&nl-au=587b04f137ad4f949db503f6c98f9f7c&NaPm=ci%3D587b04f137ad4f949db503f6c98f9f7c%7Cct%3Dmurz0doc%7Ctr%3Dnslsl%7Csn%3D12273829%7Chk%3De8a23da93ff58d5f099487b5f342df862f524107,152,00,rejected,3980,,restricted,0,1,kamis_retail_unit,True,2026-10-03,2026-10-03T14:47:55.135434+09:00,,,shipping_unknown,3980,3980
naver,6534daf854e405a044903ad5,"선비길옆이야기 새 창에서 열림 2026년 유기농 친환경 못난이 조풍감자 국내산1kg 할인 전 판매가 2,000원 17% 할인 1,650 원 (100g당 165원) 배송비 4,500원 별점 4.89 리뷰 38 새 창에서 열림",https://smartstore.naver.com/main/products/10458247573?nl-query=%EA%B0%90%EC%9E%90%201kg&nl-au=27be22acd5d4458d8e7722aa8f26ee75&NaPm=ci%3D27be22acd5d4458d8e7722aa8f26ee75%7Cct%3Dmurz0doc%7Ctr%3Dnslsl%7Csn%3D281889%7Chk%3D7cced069e69dc2d390ee7441f201cc405ae63010,152,00,exact,1650,,unknown,4500,1,kamis_retail_unit,True,2026-10-03,2026-10-03T14:47:55.148458+09:00,,,,6150,6150
coupang,faaa2e8a994990e14c64fd62,"국내산 햇 감자, 1kg, 1개2,590원(100g당 259원)내일(일) 새벽 도착 보장(455,066)최대 130원 적립1",,152,00,rejected,2590,,unknown,0,1,kamis_retail_unit,True,2026-10-03,2026-10-03T14:51:00.515070+09:00,,,shipping_unknown,2590,2590
coupang,15c415855fc07373eae6160a,"[못생겨도 맛있는] 국내산 햇 감자, 1kg, 1개2,490원(100g당 249원)내일(일) 새벽 도착 보장(43,680)최대 125원 적립2",,152,00,rejected,2490,,unknown,0,1,kamis_retail_unit,True,2026-10-03,2026-10-03T14:51:00.556071+09:00,,,shipping_unknown,2490,2490
coupang,6ba493339ed31b0b3e751af2,"강원도 햇 감자, 1kg, 1개3,480원(100g당 348원)내일(일) 새벽 도착 보장(73,409)최대 174원 적립3",,152,00,rejected,3480,,unknown,0,1,kamis_retail_unit,True,2026-10-03,2026-10-03T14:51:00.561070+09:00,,,shipping_unknown,3480,3480
coupang,d6b95c6d86a838118f097924,"[새봄농산] 감자 26년 햇감자 국내산, 1개, 감자(중)_1kg할인8,000원41%4,680원(100g당 468원)10/7(수) 도착 예정무료배송 ∙ 오늘출발(12)최대 234원 적립4",,152,00,exact,4680,,unknown,0,1,kamis_retail_unit,True,2026-10-03,2026-10-03T14:51:00.565070+09:00,,,,4680,4680
coupang,fe7ffec7fda9c4677bed8f39,"국내산 햇 감자(특), 1kg, 1개4,880원(100g당 488원)내일(일) 새벽 도착 보장(31,834)최대 244원 적립5",,152,00,rejected,4880,,unknown,0,1,kamis_retail_unit,True,2026-10-03,2026-10-03T14:51:00.569062+09:00,,,shipping_unknown,4880,4880
coupang,1e7df3eb14df74cd5d4c6e88,"국내산 울팜 특품 흙감자 제철 수미 햇 감자, 1개, 감자1kg(중)할인8,800원49%4,460원(100g당 446원)10/7(수) 도착 예정무료배송 ∙ 오늘출발(15,669)최대 223원 적립6",,152,00,exact,4460,,unknown,0,1,kamis_retail_unit,True,2026-10-03,2026-10-03T14:51:00.571121+09:00,,,,4460,4460
coupang,1bcaa518600e01a6ca673be5,"제주 햇 감자, 1개, 1kg3,180원(100g당 318원)내일(일) 새벽 도착 보장(789)최대 159원 적립7",,152,00,rejected,3180,,unknown,0,1,kamis_retail_unit,True,2026-10-03,2026-10-03T14:51:00.574082+09:00,,,shipping_unknown,3180,3180
coupang,105fa25ae0220236dcc6f8c0,"국내산 햇 감자, 1개, 1kg(대)3,990원(100g당 399원)내일(일) 새벽 도착 보장(8,677)최대 200원 적립8",,152,00,rejected,3990,,unknown,0,1,kamis_retail_unit,True,2026-10-03,2026-10-03T14:51:00.576121+09:00,,,shipping_unknown,3990,3990
coupang,d908236b6b02c94f7c1120f5,"국내산 강원도 수미 감자 햇감자, 1개, 1kg (중)할인15,900원64%5,720원(100g당 572원)10/7(수) 도착 예정무료배송 ∙ 오늘출발 ∙ 무료반품(11,538)최대 286원 적립9",,152,00,exact,5720,,unknown,0,1,kamis_retail_unit,True,2026-10-03,2026-10-03T14:51:00.579082+09:00,,,,5720,5720
coupang,96159397fa54b5a4651fdc1a,"강원도 고랭지 감자, 1개, 1kg3,660원(100g당 366원)내일(일) 새벽 도착 보장(5)최대 183원 적립10",,152,00,rejected,3660,,unknown,0,1,kamis_retail_unit,True,2026-10-03,2026-10-03T14:51:00.585093+09:00,,,shipping_unknown,3660,3660
coupang,b1d879c9aeecc3ed023b19f9,"프리미엄 햇 감자, 1개, 1kg4,170원(100g당 417원)내일(일) 새벽 도착 보장(1,657)최대 209원 적립",,152,00,rejected,4170,,unknown,0,1,kamis_retail_unit,True,2026-10-03,2026-10-03T14:51:00.590090+09:00,,,shipping_unknown,4170,4170
coupang,ddf9a7b98d8e2210fd9151eb,"감자 1kg, 1개할인3,500원15%2,970원(100g당 297원)배송비 3,500원 조건부 무료배송10/8(목) 도착 예정오늘출발(31)최대 149원 적립",,152,00,exact,2970,,unknown,3500,1,kamis_retail_unit,True,2026-10-03,2026-10-03T14:51:00.595090+09:00,,,,6470,6470
coupang,bd5d67081513012395fb11d0,"제주 친환경 감자, 1kg, 1개3,280원(100g당 328원)내일(일) 새벽 도착 보장(1,204)최대 164원 적립",,152,00,rejected,3280,,unknown,0,1,kamis_retail_unit,True,2026-10-03,2026-10-03T14:51:00.602103+09:00,,,shipping_unknown,3280,3280
coupang,d82bd08ac8c39a303601ec7a,"포슬포슬 촉촉 수미감자, 1박스, 1kg(중)할인12,600원57%5,400원(100g당 540원)10/8(목) 도착 예정무료배송(199)최대 270원 적립",,152,00,exact,5400,,unknown,0,1,kamis_retail_unit,True,2026-10-03,2026-10-03T14:51:00.606100+09:00,,,,5400,5400
coupang,60651dbb5a1e6d1d40b40f5e,"국내산 한입 조림감자(햇), 1kg, 1개2,480원(100g당 248원)내일(일) 새벽 도착 보장(20,992)최대 124원 적립",,152,00,rejected,2480,,unknown,0,1,kamis_retail_unit,True,2026-10-03,2026-10-03T14:51:00.613609+09:00,,,shipping_unknown,2480,2480
coupang,b3b945da790244edb392d1ff,"국내산 강원도 수미 감자 햇감자, 1개, 5kg (중)할인23,900원66%7,900원(100g당 158원)10/7(수) 도착 예정무료배송 ∙ 오늘출발 ∙ 무료반품(11,538)최대 395원 적립",,152,00,exact,7900,,unknown,0,5,kamis_retail_unit,True,2026-10-03,2026-10-03T14:51:00.618641+09:00,,,,1580,7900
coupang,233f53b6cdc0e69e631086d3,"알감자 1kg, 1개할인3,200원15%2,720원(100g당 272원)배송비 3,500원 조건부 무료배송10/8(목) 도착 예정오늘출발(35)최대 136원 적립",,152,00,exact,2720,,unknown,3500,1,kamis_retail_unit,True,2026-10-03,2026-10-03T14:51:00.621650+09:00,,,,6220,6220
coupang,6b8ee4b6a59cc463ac57a46d,"이모뜰 국내산 수미 감자 햇감자, 1개, 1kg 중할인15,900원62%5,900원(100g당 590원)10/8(목) 도착 예정무료배송 ∙ 무료반품(12,458)최대 295원 적립",,152,00,exact,5900,,unknown,0,1,kamis_retail_unit,True,2026-10-03,2026-10-03T14:51:00.623650+09:00,,,,5900,5900
naver,454c00ec41b05fd4e2970bca,"채소애 새 창에서 열림 국내산 포기배추 한포기 1포기 통배추 할인 전 판매가 6,600원 6% 할인 6,200 원 (100g당 248원) 배송비 3,000원 별점 4.54 리뷰 476 새 창에서 열림",https://smartstore.naver.com/main/products/7738578841?nl-query=%EB%B0%B0%EC%B6%94%201%ED%8F%AC%EA%B8%B0&nl-au=2d5fb0f1a39341ee95229d25d4cfb512&NaPm=ci%3D2d5fb0f1a39341ee95229d25d4cfb512%7Cct%3Dmurz0ifv%7Ctr%3Dnslsl%7Csn%3D1705656%7Chk%3D0b737ce9b4c9e351f268f4beaad40de4132a1259,211,03,compatible,6200,,unknown,3000,1,kamis_retail_unit,True,2026-10-03,2026-10-03T14:48:01.209997+09:00,,,,9200,9200
naver,969ebd7eaaca7e1f12fc36e5,"'-클릭마켓- 새 창에서 열림 국내산 배추 1망 (3포기) 할인 전 판매가 30,000원 34% 할인 19,800 원 (3개입당 19,800원) 무료배송 별점 4.23 리뷰 31 새 창에서 열림",https://smartstore.naver.com/main/products/12517622618?nl-query=%EB%B0%B0%EC%B6%94%201%ED%8F%AC%EA%B8%B0&nl-au=d7de46445c31460d893b645cf4be59ee&NaPm=ci%3Dd7de46445c31460d893b645cf4be59ee%7Cct%3Dmurz0ifw%7Ctr%3Dnslsl%7Csn%3D1670829%7Chk%3Da655f1f8e7b0bb746688efbf4853c54b3b2c86bb,211,03,compatible,19800,,unknown,0,3,kamis_retail_unit,True,2026-10-03,2026-10-03T14:48:01.215088+09:00,,,,6600,19800
naver,6a9c4ebc0c20ccc66db87c34,"통통네이처 새 창에서 열림 국산 3포기 햇배추 김장용 알차고 토실한 통배추 배추 6kg, 1개 14,500 원 (1kg당 2,417원) 배송비 3,000원 별점 4.68 리뷰 40 새 창에서 열림",https://smartstore.naver.com/main/products/13330840853?nl-query=%EB%B0%B0%EC%B6%94%201%ED%8F%AC%EA%B8%B0&nl-au=c177dc6f4952414d8e0b05b421343422&NaPm=ci%3Dc177dc6f4952414d8e0b05b421343422%7Cct%3Dmurz0ifw%7Ctr%3Dnslsl%7Csn%3D12478993%7Chk%3D66aa684a0cb88bcb2bfc0d564bd26170767ed434,211,03,compatible,14500,,unknown,3000,3,kamis_retail_unit,True,2026-10-03,2026-10-03T14:48:01.217088+09:00,,,,5833.333333333333333333333333,17500
naver,11291c62eeb906024837980a,"채소애 새 창에서 열림 국내산 망배추 1망 3포기 할인 전 판매가 24,700원 24% 할인 18,700 원 (100g당 234원) 배송비 3,000원 별점 4.64 리뷰 239 새 창에서 열림",https://smartstore.naver.com/main/products/8069092378?nl-query=%EB%B0%B0%EC%B6%94%201%ED%8F%AC%EA%B8%B0&nl-au=9c5088476b0f4dd5898cc96de314a387&NaPm=ci%3D9c5088476b0f4dd5898cc96de314a387%7Cct%3Dmurz0ifw%7Ctr%3Dnslsl%7Csn%3D1705656%7Chk%3D83faef2b97edf75289d6870375370c97526eaba3,211,03,compatible,18700,,unknown,3000,3,kamis_retail_unit,True,2026-10-03,2026-10-03T14:48:01.221329+09:00,,,,7233.333333333333333333333333,21700
naver,3981163896698e337d8aae66,"좋은 야채 새 창에서 열림 햇배추 손질배추 통배추 1포기 할인 전 판매가 15,500원 19% 할인 12,500 원 (100g당 625원) 무료배송 별점 4.67 리뷰 12 새 창에서 열림",https://smartstore.naver.com/main/products/11066629832?nl-query=%EB%B0%B0%EC%B6%94%201%ED%8F%AC%EA%B8%B0&nl-au=f7b2ad26f5a0455fbfd21da0584c0428&NaPm=ci%3Df7b2ad26f5a0455fbfd21da0584c0428%7Cct%3Dmurz0ifw%7Ctr%3Dnslsl%7Csn%3D10309667%7Chk%3D94c223cfe5e414db4a67782439e12ddeb79585fc,211,03,compatible,12500,,unknown,0,1,kamis_retail_unit,True,2026-10-03,2026-10-03T14:48:01.224441+09:00,,,,12500,12500
naver,20d04e69756059146ebda672,"신선한삼촌 새 창에서 열림 국산 망 배추 3포기 1망 9kg 내외 24,900 원 (100g당 277원) 24,400 원 최대할인가 상세보기 배송비 3,500원 별점 4.68 리뷰 66 새 창에서 열림",https://smartstore.naver.com/main/products/12673889653?nl-query=%EB%B0%B0%EC%B6%94%201%ED%8F%AC%EA%B8%B0&nl-au=bd8aec63bb364e32a70a6dafa6e93330&NaPm=ci%3Dbd8aec63bb364e32a70a6dafa6e93330%7Cct%3Dmurz0ifw%7Ctr%3Dnslsl%7Csn%3D7568379%7Chk%3De1b6d1776ccb97a4f1d048bbc9045d182691d2e1,211,03,compatible,24900,,unknown,3500,3,kamis_retail_unit,True,2026-10-03,2026-10-03T14:48:01.228638+09:00,,,,9466.666666666666666666666667,28400
naver,1c37e697bfd800dd09fd4552,"남도5일장 새 창에서 열림 김장 포기배추 통배추 생배추 1망(3포기) 9kg 이상 할인 전 판매가 29,000원 13% 할인 25,000 원 (1kg당 2,778원) 24,500 원 최대할인가 상세보기 무료배송 별점 3.55 리뷰 11 새 창에서 열림",https://smartstore.naver.com/main/products/11075473965?nl-query=%EB%B0%B0%EC%B6%94%201%ED%8F%AC%EA%B8%B0&nl-au=ff049c54e3b04be39094966881801a0a&NaPm=ci%3Dff049c54e3b04be39094966881801a0a%7Cct%3Dmurz0ifw%7Ctr%3Dnslsl%7Csn%3D7422574%7Chk%3De155457ff0faca1034cc4bdbbdb20ffaf64c656f,211,03,compatible,25000,,unknown,0,3,kamis_retail_unit,True,2026-10-03,2026-10-03T14:48:01.231758+09:00,,,,8333.333333333333333333333333,25000
naver,085a967732f1cf496779a8a3,"채소애 새 창에서 열림 고소한 알배추 1박스 12포기 할인 전 판매가 53,000원 32% 할인 36,000 원 (100g당 514원) 무료배송 별점 4.72 리뷰 29 새 창에서 열림",https://smartstore.naver.com/main/products/8022746819?nl-query=%EB%B0%B0%EC%B6%94%201%ED%8F%AC%EA%B8%B0&nl-au=c53cc616d3da468db7edd9c667f28049&NaPm=ci%3Dc53cc616d3da468db7edd9c667f28049%7Cct%3Dmurz0ifw%7Ctr%3Dnslsl%7Csn%3D1705656%7Chk%3D6d7c33c691c68ad7ff0d6cb43e35b0b8f07c3837,211,03,compatible,36000,,unknown,0,12,kamis_retail_unit,True,2026-10-03,2026-10-03T14:48:01.235783+09:00,,,,3000,36000
coupang,740e65a83e6fb2ae2c984c96,"채소애 강원도 고랭지 배추 1포기할인13,600원23%10,440원10/6(화) 도착 예정무료배송 ∙ 오늘출발(19)최대 522원 적립2",,211,03,compatible,10440,,unknown,0,1,kamis_retail_unit,True,2026-10-03,2026-10-03T14:51:06.288031+09:00,,,,10440,10440
coupang,c66b4fc7a066b01f2563b41a,"강원도 통큰배추 1포기, 2.5kg, 1개12,900원(100g당 516원)10/7(수) 도착 예정무료배송 ∙ 오늘출발(14)최대 645원 적립3",,211,03,compatible,12900,,unknown,0,1,kamis_retail_unit,True,2026-10-03,2026-10-03T14:51:06.291029+09:00,,,,12900,12900
coupang,2133b0dc9cfe8e26a8687106,"좋은야채 국내산 손질배추 햇배추 1포기, 2kg, 1개15,000원16%12,500원(100g당 625원)10/7(수) 도착 예정무료배송 ∙ 오늘출발(10)최대 625원 적립",,211,03,compatible,12500,,unknown,0,1,kamis_retail_unit,True,2026-10-03,2026-10-03T14:51:06.329054+09:00,,,,12500,12500
naver,2bd12957bfd4c826360191c7,"멤버십 전용 컬리N마트 우수셀러 새 창에서 열림 완숙토마토 1kg 할인 전 판매가 24,900원 31% 할인 17,000 원 (100g당 1,700원) 11,500 원 멤버십쿠폰가 상세보기 배송비 별도 새벽배송 별점 4.83 리뷰 7,671 새 창에서 열림",https://smartstore.naver.com/main/products/12274083584?nl-query=%ED%86%A0%EB%A7%88%ED%86%A0%201kg&nl-au=43d34e819cc7497a8625b8c55660b5d7&NaPm=ci%3D43d34e819cc7497a8625b8c55660b5d7%7Cct%3Dmurz0n38%7Ctr%3Dnslsl%7Csn%3D12255929%7Chk%3D9aedb2110eac734878ed8ca092f71a543996eb3e,225,00,rejected,17000,,restricted,0,1,kamis_retail_unit,True,2026-10-03,2026-10-03T14:48:07.203362+09:00,,,shipping_unknown,17000,17000
naver,351e539a4f7b25dd7f5fd493,"완숙토마토 1kg 할인 전 판매가 24,900원 31% 할인 17,000 원 (100g당 1,700원) 11,500 원 멤버십쿠폰가 상세보기 배송비 별도 오늘배송 새 창에서 열림",https://shopping.naver.com/window-products/kurlynmart/12274083584?nl-query=%ED%86%A0%EB%A7%88%ED%86%A0%201kg&nl-au=13860905964d4cb18e634f4eb23ee4d6&NaPm=ci%3D13860905964d4cb18e634f4eb23ee4d6%7Cct%3Dmurz0nk3%7Ctr%3Dnslknm%7Csn%3DCC02%7Chk%3Dcc5a3f75f4c0e06a1398f7712c2b8cd712f02e27,225,00,rejected,17000,,restricted,0,1,kamis_retail_unit,True,2026-10-03,2026-10-03T14:48:07.204365+09:00,,,shipping_unknown,17000,17000
naver,e7309030d8b041f9277d10c8,"희소가치 무농약 마틸다 토마토 1kg 할인 전 판매가 15,900원 6% 할인 14,900 원 (1개당 14,900원) 9,400 원 멤버십쿠폰가 상세보기 배송비 별도 오늘배송 새 창에서 열림",https://shopping.naver.com/window-products/kurlynmart/13615929532?nl-query=%ED%86%A0%EB%A7%88%ED%86%A0%201kg&nl-au=79bae58189e54377ad43b45399ba1c4c&NaPm=ci%3D79bae58189e54377ad43b45399ba1c4c%7Cct%3Dmurz0nk3%7Ctr%3Dnslknm%7Csn%3DCC02%7Chk%3D7f58e69fb05d68f489181fb76e6c19117ea0ae83,225,00,rejected,14900,,restricted,0,1,kamis_retail_unit,True,2026-10-03,2026-10-03T14:48:07.205361+09:00,,,shipping_unknown,14900,14900
naver,3802d6d9774b3ca4fbacd4dc,"대간 새 창에서 열림 대간농장 산지직송 프리미엄 유럽종 완숙토마토 최상품 1kg 할인 전 판매가 12,900원 23% 할인 9,900 원 (100g당 990원) 무료배송 정기구독가능 별점 4.62 리뷰 1,107 새 창에서 열림",https://smartstore.naver.com/main/products/9460542592?nl-query=%ED%86%A0%EB%A7%88%ED%86%A0%201kg&nl-au=0ce82d094c944cefbc8cf647269671b2&NaPm=ci%3D0ce82d094c944cefbc8cf647269671b2%7Cct%3Dmurz0n38%7Ctr%3Dnslsl%7Csn%3D864356%7Chk%3D96876cd79fe05ea14e33b40261f55bb872e7a81b,225,00,exact,9900,,unknown,0,1,kamis_retail_unit,True,2026-10-03,2026-10-03T14:48:07.209388+09:00,,,,9900,9900
naver,269d98b655a504dda097c7b8,"채소팜 우수셀러 새 창에서 열림 채소팜 완숙토마토 1팩 (약1kg) 6,800 원 (100g당 680원) 배송비 3,500원 무료교환반품 별점 4.85 리뷰 1,062 새 창에서 열림",https://smartstore.naver.com/main/products/10914338580?nl-query=%ED%86%A0%EB%A7%88%ED%86%A0%201kg&nl-au=42c0870e8e6d4c5cb4639701297f3234&NaPm=ci%3D42c0870e8e6d4c5cb4639701297f3234%7Cct%3Dmurz0n4k%7Ctr%3Dnslsl%7Csn%3D1190838%7Chk%3D70cc6ed965a24df5be1f077ce497d03f5811cbb8,225,00,exact,6800,,unknown,3500,1,kamis_retail_unit,True,2026-10-03,2026-10-03T14:48:07.231400+09:00,,,,10300,10300
naver,f1af3ff6d4d0af9feb5c3dc2,"야채왕 우수셀러 새 창에서 열림 국산 야채왕 완숙토마토 1kg 붉은 빛 라이코펜의 힘 5,800 원 (100g당 580원) 배송비 3,500원 N새벽배송 10.6.(화) 07시 전 도착 무료교환반품 별점 4.85 리뷰 143 새 창에서 열림",https://smartstore.naver.com/main/products/5475098379?nl-query=%ED%86%A0%EB%A7%88%ED%86%A0%201kg&nl-au=c63ea632d87441e5b9086853d85c519a&NaPm=ci%3Dc63ea632d87441e5b9086853d85c519a%7Cct%3Dmurz0n4l%7Ctr%3Dnslsl%7Csn%3D2358029%7Chk%3Da2f9ed38b9864f589642539a033d6ef34e3b8376,225,00,exact,5800,,unknown,3500,1,kamis_retail_unit,True,2026-10-03,2026-10-03T14:48:07.244416+09:00,,,,9300,9300
coupang,e1bb6f29d1bd2bdcfc1e347e,"매일선별 완숙 토마토 1박스, 1kg할인16,600원50%8,300원(100g당 830원)10/10 도착 예정무료배송(31)최대 415원 적립1",,225,00,exact,8300,,unknown,0,1,kamis_retail_unit,True,2026-10-03,2026-10-03T14:51:11.987090+09:00,,,,8300,8300
coupang,d6d8cc330673c4e59bee3247,"[품질보장] 완숙 토마토 국내산, 1개, 품질포장)_1kg쿠폰할인· 07:42:4842,800원83%6,980원(100g당 698원)10/8(목) 도착 예정무료배송 ∙ 오늘출발 ∙ 무료반품(82)최대 349원 적립품절임박2",,225,00,exact,6980,,restricted,0,1,kamis_retail_unit,False,2026-10-03,2026-10-03T14:51:11.988102+09:00,,,,6980,6980
coupang,79bb26287abac08983107f65,"곰곰 완숙 토마토, 1kg, 1개8,250원(100g당 825원)내일(일) 새벽 도착 보장(238,245)최대 413원 적립3",,225,00,rejected,8250,,unknown,0,1,kamis_retail_unit,True,2026-10-03,2026-10-03T14:51:11.989099+09:00,,,shipping_unknown,8250,8250
coupang,a57a4ba24c67a90aa91a4988,"완숙 찰토마토 3번 중과 로얄과, 1박스, 1kg내외(3번 중과)할인14,900원40%8,900원(100g당 890원)10/6(화) 도착 예정무료배송 ∙ 오늘출발(223)최대 445원 적립4",,225,00,exact,8900,,unknown,0,1,kamis_retail_unit,True,2026-10-03,2026-10-03T14:51:11.990096+09:00,,,,8900,8900
coupang,7f17a1b47736589f1fcb1194,"[농협중매인]최상품 국내산 완숙토마토 찰토마토 로얄사이즈, 1박스, 1kg 로얄과할인33,800원70%9,900원(100g당 990원)10/7(수) 도착 예정무료배송(1,640)최대 495원 적립5",,225,00,exact,9900,,unknown,0,1,kamis_retail_unit,True,2026-10-03,2026-10-03T14:51:11.991511+09:00,,,,9900,9900
coupang,35d2747f01ec413fb19ed82a,"매일선별 완숙 토마토 1박스, 5kg할인37,000원50%18,500원(100g당 370원)10/10 도착 예정무료배송(31)최대 925원 적립6",,225,00,exact,18500,,unknown,0,5,kamis_retail_unit,True,2026-10-03,2026-10-03T14:51:11.992511+09:00,,,,3700,18500
coupang,5411dae3d524737d85bb2b8b,"광식이농장 완숙 토마토, 1kg, 1팩할인· 1일 남음9,250원10%8,250원(100g당 825원)내일(일) 새벽 도착 보장(133,815)최대 413원 적립7",,225,00,rejected,8250,,unknown,0,1,kamis_retail_unit,True,2026-10-03,2026-10-03T14:51:11.992511+09:00,,,shipping_unknown,8250,8250
coupang,f4adfa2cd773080681810f6a,"[반짝특가] 탱글탱글 국내산 완숙 토마토, 1박스, 5kg쿠폰할인47,000원60%18,500원(100g당 370원)10/13 도착 예정무료배송(26)최대 925원 적립8",,225,00,exact,18500,,restricted,0,5,kamis_retail_unit,True,2026-10-03,2026-10-03T14:51:11.993802+09:00,,,,3700,18500
coupang,4fe8b9f5e10ce979cfdee209,"완숙 찰토마토 4번 중소과, 1박스, 1kg내외(4번 중소과)할인13,900원35%8,900원(100g당 890원)10/6(화) 도착 예정무료배송 ∙ 오늘출발(166)최대 445원 적립9",,225,00,exact,8900,,unknown,0,1,kamis_retail_unit,True,2026-10-03,2026-10-03T14:51:11.995242+09:00,,,,8900,8900
coupang,7e2854f02113f985c75997dc,"[타임특가] 단단한 완숙토마토, 1박스, 2.5kg (소과)할인17,000원39%10,260원(100g당 410원)10/10 도착 예정무료배송(467)최대 508원 적립10",,225,00,exact,10260,,unknown,0,2.5,kamis_retail_unit,True,2026-10-03,2026-10-03T14:51:11.996242+09:00,,,,4104,10260
coupang,40aa2a403e58862d5fc5c524,"[새벽경매] 정품 완숙 찰 토마토, 1박스, 1kg(혼합)할인26,900원59%10,900원(100g당 1,090원)10/13 도착 예정무료배송(4)최대 545원 적립",,225,00,exact,10900,,unknown,0,1,kamis_retail_unit,True,2026-10-03,2026-10-03T14:51:11.996242+09:00,,,,10900,10900
naver,491cc1402ba95ff2a7319fba,"야채왕 우수셀러 새 창에서 열림 야채왕 무 1개 깊고 맑은 국물 맛 자연유래 천연 소화제 2,100 원 (100g당 210원) 배송비 3,500원 N새벽배송 10.6.(화) 07시 전 도착 무료교환반품 별점 4.8 리뷰 273 새 창에서 열림",https://smartstore.naver.com/main/products/5194994825?nl-query=%EB%AC%B4%201%EA%B0%9C&NaPm=ci%3D%7Cct%3Dmurz0rfn%7Ctr%3Dnslsl%7Csn%3D2358029%7Chk%3Db49f1051342206b49f3324ed724cb038517aae18,231,03,compatible,2100,,unknown,3500,1,kamis_retail_unit,True,2026-10-03,2026-10-03T14:48:13.011432+09:00,,,,5600,5600
coupang,5d9de5b343f966615939216e,"빠리농산 국내산 햇무 1개할인6,800원10%6,120원10/6(화) 도착 예정무료배송 ∙ 오늘출발(22)최대 306원 적립",,231,03,compatible,6120,,unknown,0,1,kamis_retail_unit,True,2026-10-03,2026-10-03T14:51:17.695277+09:00,,,,6120,6120
naver,de5c60e3c265324b282d5398,"품절임박 채소팜 우수셀러 새 창에서 열림 채소팜 샬롯 미니양파 자색양파 1kg 13,000 원 (100g당 1,300원) 12,000 원 최대할인가 상세보기 배송비 3,500원 무료교환반품 별점 4.83 리뷰 185 새 창에서 열림",https://smartstore.naver.com/main/products/9199812899?nl-query=%EC%96%91%ED%8C%8C%201kg&nl-au=3012a96d3955429fb36cdf5fd1ae43dd&NaPm=ci%3D3012a96d3955429fb36cdf5fd1ae43dd%7Cct%3Dmurz0w2e%7Ctr%3Dnslsl%7Csn%3D1190838%7Chk%3D3dc36c4a4c7a198131f1be9602270d5f99f2f1b1,245,00,exact,13000,,unknown,3500,1,kamis_retail_unit,False,2026-10-03,2026-10-03T14:48:18.683933+09:00,,,,16500,16500
naver,2f23b7992ff60672933ad0d2,"채소팜 우수셀러 새 창에서 열림 채소팜 햇양파 적양파 1kg 3,000 원 (100g당 300원) 배송비 3,500원 무료교환반품 별점 4.75 리뷰 2,446 새 창에서 열림",https://smartstore.naver.com/main/products/6550302808?nl-query=%EC%96%91%ED%8C%8C%201kg&nl-au=88e3e64fe32c46298c931f6a9740aa7b&NaPm=ci%3D88e3e64fe32c46298c931f6a9740aa7b%7Cct%3Dmurz0w2f%7Ctr%3Dnslsl%7Csn%3D1190838%7Chk%3D9ff40d6807bce7b83c6cd611cd5159224ccee36e,245,00,exact,3000,,unknown,3500,1,kamis_retail_unit,True,2026-10-03,2026-10-03T14:48:18.684981+09:00,,,,6500,6500
naver,bdaddcfdc4c41357ceaf529d,"야채왕 우수셀러 새 창에서 열림 야채왕 양파 1kg 설탕보다 우아하고 깊은 단맛 2,400 원 (100g당 240원) 배송비 3,500원 N새벽배송 10.6.(화) 07시 전 도착 무료교환반품 별점 4.8 리뷰 311 새 창에서 열림",https://smartstore.naver.com/main/products/5486052302?nl-query=%EC%96%91%ED%8C%8C%201kg&nl-au=669668ce6baa4f13994b47496605fff9&NaPm=ci%3D669668ce6baa4f13994b47496605fff9%7Cct%3Dmurz0w2f%7Ctr%3Dnslsl%7Csn%3D2358029%7Chk%3Df9a6f83e9f693baec250bfd22ae881f463baa94e,245,00,exact,2400,,unknown,3500,1,kamis_retail_unit,True,2026-10-03,2026-10-03T14:48:18.686127+09:00,,,,5900,5900
naver,5a120ab2a4ab7ea88f461f7d,"싱싱채소 그린팜 우수셀러 새 창에서 열림 양파 1kg 2,400 원 (100g당 240원) 배송비 3,500원 별점 4.79 리뷰 1,036 새 창에서 열림",https://smartstore.naver.com/main/products/4745002493?nl-query=%EC%96%91%ED%8C%8C%201kg&nl-au=92b41957382f46bd84188a03c2c3292a&NaPm=ci%3D92b41957382f46bd84188a03c2c3292a%7Cct%3Dmurz0w2g%7Ctr%3Dnslsl%7Csn%3D800579%7Chk%3D5f298f777438447e3b0318a6809d591965eff780,245,00,exact,2400,,unknown,3500,1,kamis_retail_unit,True,2026-10-03,2026-10-03T14:48:18.690479+09:00,,,,5900,5900
naver,d9ee868dd7dcf9af2b459452,"홍홍푸드몰 우수셀러 새 창에서 열림 중국 미니양파 샬롯 모충 1kg 전통양파 2,600 원 (100g당 260원) 배송비 2,500원 별점 4.8 리뷰 778 새 창에서 열림",https://smartstore.naver.com/main/products/4730616625?nl-query=%EC%96%91%ED%8C%8C%201kg&nl-au=7667c2d6de0c4b9681ab581adc823010&NaPm=ci%3D7667c2d6de0c4b9681ab581adc823010%7Cct%3Dmurz0w2g%7Ctr%3Dnslsl%7Csn%3D817456%7Chk%3D9c7830505a7107c528597836807a1055e7fe64a3,245,00,exact,2600,,unknown,2500,1,kamis_retail_unit,True,2026-10-03,2026-10-03T14:48:18.691484+09:00,,,,5100,5100
naver,65c99611273b04d34b77f56c,"테라팜 새 창에서 열림 샬롯 Shallot 에샬롯 보라 미니 양파 소, 1kg, 1개 6,000 원 (100g당 600원) 배송비 3,000원 별점 4.57 리뷰 501 새 창에서 열림",https://smartstore.naver.com/main/products/4275510534?nl-query=%EC%96%91%ED%8C%8C%201kg&nl-au=9e8b2d21afaf42b7a7b6f6cc4c1d3eed&NaPm=ci%3D9e8b2d21afaf42b7a7b6f6cc4c1d3eed%7Cct%3Dmurz0w3l%7Ctr%3Dnslsl%7Csn%3D386116%7Chk%3D53f85d0fd3ce3868d4c0b7e3b8952af4039fa2d7,245,00,exact,6000,,unknown,3000,1,kamis_retail_unit,True,2026-10-03,2026-10-03T14:48:18.693484+09:00,,,,9000,9000
naver,df54e06160e02bf210591d7a,"이마트몰 네이버 지금배달 새 창에서 열림 자색양파 1kg 봉 4,980 원 (100g당 498원) 배송비 별도 별점 4.65 리뷰 1,203 새 창에서 열림",https://shopping.naver.com/outlink/itemdetail/5899328675?nl-query=%EC%96%91%ED%8C%8C%201kg&nl-au=06e42f833fcb4571a5127e876b224087&NaPm=ci%3D06e42f833fcb4571a5127e876b224087%7Cct%3Dmurz0w3l%7Ctr%3Dnslsl%7Csn%3D4531621%7Chk%3D9f70d1d80f669b843868db071894b609a5a60bf6,245,00,rejected,4980,,unknown,0,1,kamis_retail_unit,True,2026-10-03,2026-10-03T14:48:18.695946+09:00,,,shipping_unknown,4980,4980
naver,51888b1789720726e77744f0,"솔직한농부 우수셀러 새 창에서 열림 국산 밀양 만생종 햇 양파 중소 혼합 1kg, 1개 5,800 원 (100g당 580원) 무료배송 별점 4.0 리뷰 2 새 창에서 열림",https://smartstore.naver.com/main/products/12059989057?nl-query=%EC%96%91%ED%8C%8C%201kg&nl-au=f47f709385914541a814c9d4dbe14bd7&NaPm=ci%3Df47f709385914541a814c9d4dbe14bd7%7Cct%3Dmurz0w3l%7Ctr%3Dnslsme%7Csn%3D241625%7Chk%3D0e95f0c1b782bb377dddadea307187c3c25a3212,245,00,exact,5800,,unknown,0,1,kamis_retail_unit,True,2026-10-03,2026-10-03T14:48:18.696982+09:00,,,,5800,5800
naver,05c0aa5cc14860a929d9da01,"몬나니팜 우수셀러 새 창에서 열림 친환경 유기농 양파 백양파 자색양파 깐양파 햇양파 1kg 산지직송 할인 전 판매가 10,000원 36% 할인 6,400 원 (100g당 640원) 배송비 3,500원 별점 4.7 리뷰 20 새 창에서 열림",https://smartstore.naver.com/main/products/11991478949?nl-query=%EC%96%91%ED%8C%8C%201kg&nl-au=f235928a7bfb49369951254b75c82e01&NaPm=ci%3Df235928a7bfb49369951254b75c82e01%7Cct%3Dmurz0w3l%7Ctr%3Dnslsl%7Csn%3D10390356%7Chk%3D19180fbeeef9109385fb8455986fd319a11368b5,245,00,exact,6400,,unknown,3500,1,kamis_retail_unit,True,2026-10-03,2026-10-03T14:48:18.699814+09:00,,,,9900,9900
naver,41dd4e45dea35778e7285354,"세모농. 새 창에서 열림 [장보기] 26년 햇양파 양파 1kg 제주 무안 창녕 양파 생양파 1,800 원 (100g당 180원) 1,300 원 최대할인가 상세보기 배송비 3,000원 별점 4.88 리뷰 80 새 창에서 열림",https://smartstore.naver.com/main/products/11758753904?nl-query=%EC%96%91%ED%8C%8C%201kg&nl-au=ec95f820f3084f92a7319d67d847e71d&NaPm=ci%3Dec95f820f3084f92a7319d67d847e71d%7Cct%3Dmurz0w3m%7Ctr%3Dnslsl%7Csn%3D6393844%7Chk%3Db92c6c36ddda222df8e09d70fa91fabdd8326403,245,00,exact,1800,,unknown,3000,1,kamis_retail_unit,True,2026-10-03,2026-10-03T14:48:18.702653+09:00,,,,4800,4800
coupang,3415fae87951f69b70bb0607,"국내산 양파, 1kg(대), 1개2,580원(100g당 258원)내일(일) 새벽 도착 보장(711,063)최대 129원 적립1",,245,00,rejected,2580,,unknown,0,1,kamis_retail_unit,True,2026-10-03,2026-10-03T14:51:23.305199+09:00,,,shipping_unknown,2580,2580
coupang,029782063da0abaed50a95b5,"국내산 울팜 아삭 달달 단단한 창녕 양파, 1개, 양파(중) 1kg쿠폰할인7,900원37%4,900원(100g당 490원)10/7(수) 도착 예정무료배송 ∙ 오늘출발(8,082)최대 245원 적립2",,245,00,exact,4900,,restricted,0,1,kamis_retail_unit,True,2026-10-03,2026-10-03T14:51:23.306571+09:00,,,,4900,4900
coupang,c12836a393e567217453c322,"국내산 양파(소), 1kg, 1개2,180원(100g당 218원)내일(일) 새벽 도착 보장(120,518)최대 109원 적립3",,245,00,rejected,2180,,unknown,0,1,kamis_retail_unit,True,2026-10-03,2026-10-03T14:51:23.307583+09:00,,,shipping_unknown,2180,2180
coupang,f0d22412ac5f9c2d6f826e71,"(짓다팜)햇양파 국내산양파 창녕양파 1kg, 1개7,600원47%3,990원(100g당 133원)10/7(수) 도착 예정무료배송 ∙ 오늘출발(82)최대 200원 적립4",,245,00,exact,3990,,unknown,0,1,kamis_retail_unit,True,2026-10-03,2026-10-03T14:51:23.308584+09:00,,,,3990,3990
coupang,19f291b1347e11b304dd9257,"합천 깐 양파, 1kg, 1개5,090원(100g당 509원)내일(일) 새벽 도착 보장(15,970)최대 255원 적립5",,245,00,rejected,5090,,unknown,0,1,kamis_retail_unit,True,2026-10-03,2026-10-03T14:51:23.310773+09:00,,,shipping_unknown,5090,5090
coupang,38fefbe0cb49b37af377fe30,"국내산 깐양파, 1kg, 1개4,590원(100g당 459원)내일(일) 새벽 도착 보장(27,349)최대 230원 적립6",,245,00,rejected,4590,,unknown,0,1,kamis_retail_unit,True,2026-10-03,2026-10-03T14:51:23.313790+09:00,,,shipping_unknown,4590,4590
coupang,4124ab650c4e8fb816c73d3f,"2026년 단단한 무안양파 (햇), 1개, 1kg(특상)7,800원12%6,800원(100g당 680원)10/7(수) 도착 예정무료배송 ∙ 오늘출발(627)최대 340원 적립7",,245,00,exact,6800,,unknown,0,1,kamis_retail_unit,True,2026-10-03,2026-10-03T14:51:23.318336+09:00,,,,6800,6800
coupang,006c0bb151dc18762c630933,"국내산 자색 양파, 1kg, 1개3,290원(100g당 329원)내일(일) 새벽 도착 보장(27,106)최대 165원 적립8",,245,00,rejected,3290,,unknown,0,1,kamis_retail_unit,True,2026-10-03,2026-10-03T14:51:23.322321+09:00,,,shipping_unknown,3290,3290
coupang,f8065acc0c3cee5d6e652147,"무안 깐양파, 1kg, 1개5,090원(100g당 509원)내일(일) 새벽 도착 보장(5,633)최대 255원 적립9",,245,00,rejected,5090,,unknown,0,1,kamis_retail_unit,True,2026-10-03,2026-10-03T14:51:23.322321+09:00,,,shipping_unknown,5090,5090
coupang,d199a6e3e7a5ff2da12f69a7,"국내산 깐양파, 1개, 1kg3,000원(100g당 300원)배송비 3,500원 조건부 무료배송10/7(수) 도착 예정오늘출발(7)최대 150원 적립10",,245,00,exact,3000,,unknown,3500,1,kamis_retail_unit,True,2026-10-03,2026-10-03T14:51:23.323684+09:00,,,,6500,6500
coupang,1730f253f7b0d8f4fd626a36,"양파 1kg, 1개할인3,100원15%2,630원(100g당 263원)배송비 3,500원 조건부 무료배송10/8(목) 도착 예정오늘출발(49)최대 131원 적립",,245,00,exact,2630,,unknown,3500,1,kamis_retail_unit,True,2026-10-03,2026-10-03T14:51:23.325089+09:00,,,,6130,6130
coupang,9332256e022811b56538eee2,"싱싱냠냠 영농조합법인 무안 자색양파 적양파, 1박스, 1kg(중대)쿠폰할인· 1일 남음16,000원63%5,800원(100g당 580원)10/7(수) 도착 예정무료배송 ∙ 오늘출발(4,771)최대 290원 적립",,245,00,exact,5800,,restricted,0,1,kamis_retail_unit,True,2026-10-03,2026-10-03T14:51:23.331425+09:00,,,,5800,5800
coupang,d58d3edb024eb7e15f583b49,"[해동찬가] 국내산 자색양파, 1개, 깐자색양파 1kg/중사이즈5,500원(100g당 550원)10/7(수) 도착 예정무료배송 ∙ 오늘출발최대 275원 적립",,245,00,exact,5500,,unknown,0,1,kamis_retail_unit,True,2026-10-03,2026-10-03T14:51:23.345443+09:00,,,,5500,5500
coupang,3cb1726863043d31d7e0cce8,"국내산 양파, 1.5kg, 1개3,080원(100g당 205원)내일(일) 새벽 도착 보장(711,063)최대 154원 적립",,245,00,rejected,3080,,unknown,0,1.5,kamis_retail_unit,True,2026-10-03,2026-10-03T14:51:23.350428+09:00,,,shipping_unknown,2053.333333333333333333333333,3080
coupang,5842e0374923df389b2e4cdc,"싱싱냠냠 영농조합법인 무안 자색양파 적양파, 1박스, 1kg(소)할인15,500원63%5,650원(100g당 565원)10/7(수) 도착 예정무료배송 ∙ 오늘출발(4,771)최대 280원 적립",,245,00,exact,5650,,unknown,0,1,kamis_retail_unit,True,2026-10-03,2026-10-03T14:51:23.355427+09:00,,,,5650,5650
naver,104fce4148294bbf58fc9f93,"한봉지프레쉬 새 창에서 열림 미국산 고당도 프리미엄 왕관 허니듀 멜론 대과, 특대과 2.4kg, 1개 할인 전 판매가 25,000원 50% 할인 12,500 원 (100g당 521원) 무료배송 별점 4.65 리뷰 389 새 창에서 열림",https://smartstore.naver.com/main/products/13531607709?nl-query=%EB%A9%9C%EB%A1%A0%201%EA%B0%9C&nl-au=9f334346b8294ba3a63ca03509b4ea54&NaPm=ci%3D9f334346b8294ba3a63ca03509b4ea54%7Cct%3Dmurz10jh%7Ctr%3Dnslsl%7Csn%3D12360905%7Chk%3D783fbe94f127551f76e920607a762523ccfbdfd7,257,00,exact,12500,,unknown,0,1,kamis_retail_unit,True,2026-10-03,2026-10-03T14:48:24.524059+09:00,,,,12500,12500
naver,6eef11d5d0d042d2edf8555c,"마켓셜록 새 창에서 열림 하미과메론 로얄과 제철 경북 고령 프리미엄 머스크 설향 허니듀 메론 멜론 2kg, 1개 할인 전 판매가 21,500원 12% 할인 18,900 원 (100g당 945원) 18,600 원 최대할인가 상세보기 무료배송 별점 4.29 리뷰 7 새 창에서 열림",https://smartstore.naver.com/main/products/13567643194?nl-query=%EB%A9%9C%EB%A1%A0%201%EA%B0%9C&nl-au=7f0ce8c907494c20abeb70696b1f1d77&NaPm=ci%3D7f0ce8c907494c20abeb70696b1f1d77%7Cct%3Dmurz10ji%7Ctr%3Dnslsl%7Csn%3D12508075%7Chk%3D73cdaa056e5c26d82cfc93fb1f9f3a63dcc8ecb1,257,00,exact,18900,,unknown,0,1,kamis_retail_unit,True,2026-10-03,2026-10-03T14:48:24.535678+09:00,,,,18900,18900
naver,9b47e51d958d3bd996f2d5b7,"원픽대장 새 창에서 열림 국내산 머스크멜론 고당도 프리미엄 메론 선물용 과일 2.6kg, 1개 할인 전 판매가 17,900원 5% 할인 16,900 원 (100g당 650원) 배송비 3,000원 별점 4.97 리뷰 31 새 창에서 열림",https://smartstore.naver.com/main/products/13634219386?nl-query=%EB%A9%9C%EB%A1%A0%201%EA%B0%9C&nl-au=34e8d77795094e88a6d72cfe015be69b&NaPm=ci%3D34e8d77795094e88a6d72cfe015be69b%7Cct%3Dmurz10ji%7Ctr%3Dnslsl%7Csn%3D12460091%7Chk%3Dbf3b9267641a26165ed892744d15220d0356202e,257,00,exact,16900,,unknown,3000,1,kamis_retail_unit,True,2026-10-03,2026-10-03T14:48:24.536953+09:00,,,,19900,19900
naver,063af1fd924f5f084a0b58ad,"마켓셜록 새 창에서 열림 슈가메론 슈가 캔디 솜사탕 국내산 고당도 레드 허니듀 하미과 메론 멜론 1kg, 1개 할인 전 판매가 17,900원 13% 할인 15,500 원 (100g당 1,550원) 15,200 원 최대할인가 상세보기 무료배송 별점 5.0 리뷰 2 새 창에서 열림",https://smartstore.naver.com/main/products/13697357239?nl-query=%EB%A9%9C%EB%A1%A0%201%EA%B0%9C&nl-au=4da01fafb74b47a0a732e4c7e76843f2&NaPm=ci%3D4da01fafb74b47a0a732e4c7e76843f2%7Cct%3Dmurz10ji%7Ctr%3Dnslsl%7Csn%3D12508075%7Chk%3D4a2d1857b672584f9f83057afa49247305773362,257,00,exact,15500,,unknown,0,1,kamis_retail_unit,True,2026-10-03,2026-10-03T14:48:24.538953+09:00,,,,15500,15500
naver,d70db85654665df88e6d5eac,"월드마켓-3Hmall 새 창에서 열림 [특대과] 월드마켓 왕관 허니듀 고당도 멜론 3kg, 1개 할인 전 판매가 20,500원 24% 할인 15,500 원 (100g당 517원) 무료배송 별점 4.69 리뷰 333 새 창에서 열림",https://smartstore.naver.com/main/products/12632498412?nl-query=%EB%A9%9C%EB%A1%A0%201%EA%B0%9C&nl-au=dbd1d43b55bc4cb4bdaf87966185b382&NaPm=ci%3Ddbd1d43b55bc4cb4bdaf87966185b382%7Cct%3Dmurz10kn%7Ctr%3Dnslsl%7Csn%3D921000%7Chk%3D70a99642a17ff9ab70cf29755df5274bd31a226b,257,00,exact,15500,,unknown,0,1,kamis_retail_unit,True,2026-10-03,2026-10-03T14:48:24.540954+09:00,,,,15500,15500
naver,faad57c621fd9be4f028f0fd,"프레시프루트마켓 새 창에서 열림 미국산 직수입 프리미엄 허니듀 멜론 골드 셀렉트 15birx 이상 고당도 1.8kg, 1개 할인 전 판매가 20,800원 25% 할인 15,400 원 (100g당 856원) 15,100 원 최대할인가 상세보기 무료배송 별점 4.91 리뷰 11 새 창에서 열림",https://smartstore.naver.com/main/products/13673816409?nl-query=%EB%A9%9C%EB%A1%A0%201%EA%B0%9C&nl-au=9230e90269be4971b24cedd010638a18&NaPm=ci%3D9230e90269be4971b24cedd010638a18%7Cct%3Dmurz10kn%7Ctr%3Dnslsl%7Csn%3D12590904%7Chk%3D4a81cb3679169d624a0079b23d5e735799344963,257,00,exact,15400,,unknown,0,1,kamis_retail_unit,True,2026-10-03,2026-10-03T14:48:24.543976+09:00,,,,15400,15400
naver,c73346225ff2c4438a96b8bc,"두들리농장 새 창에서 열림 두들리 머스크멜론 당도선별 메론 2kg, 2개 할인 전 판매가 28,800원 20% 할인 23,000 원 (100g당 575원) 무료배송 무료교환반품 별점 4.93 리뷰 29 새 창에서 열림",https://smartstore.naver.com/main/products/13728440754?nl-query=%EB%A9%9C%EB%A1%A0%201%EA%B0%9C&nl-au=0afb0afbcefa4ddb8b37d11ef20f2ab7&NaPm=ci%3D0afb0afbcefa4ddb8b37d11ef20f2ab7%7Cct%3Dmurz10kn%7Ctr%3Dnslsl%7Csn%3D870585%7Chk%3D5eac8948e4f7c4a8e971c1da8431e4ffde703575,257,00,exact,23000,,unknown,0,2,kamis_retail_unit,True,2026-10-03,2026-10-03T14:48:24.552965+09:00,,,,11500,23000
naver,1169210a49d2d27de28d13c1,"품절임박 그리브마켓 새 창에서 열림 그리브 머스크멜론 2입 고당도 국내산 과일선물 4kg, 1개 할인 전 판매가 45,580원 30% 할인 31,900 원 (100g당 798원) 31,400 원 최대할인가 상세보기 무료배송 별점 5.0 리뷰 11 새 창에서 열림",https://smartstore.naver.com/main/products/13749198155?nl-query=%EB%A9%9C%EB%A1%A0%201%EA%B0%9C&nl-au=ac157c3170f44c0eb599b38ac64b08a4&NaPm=ci%3Dac157c3170f44c0eb599b38ac64b08a4%7Cct%3Dmurz10ko%7Ctr%3Dnslsl%7Csn%3D12614646%7Chk%3Ddd55e1d7fee17d254c1f25c79177624e9fbaad71,257,00,exact,31900,,unknown,0,1,kamis_retail_unit,False,2026-10-03,2026-10-03T14:48:24.566963+09:00,,,,31900,31900
naver,304639d55f32beca84f78105,"월드마켓-3Hmall 새 창에서 열림 [대과] 고당도 허니듀 멜론 2.2kg, 1개 할인 전 판매가 18,200원 27% 할인 13,200 원 (100g당 600원) 무료배송 별점 4.8 리뷰 25 새 창에서 열림",https://smartstore.naver.com/main/products/13703166404?nl-query=%EB%A9%9C%EB%A1%A0%201%EA%B0%9C&nl-au=cd4ebe49576a4ec5a87adf59820c0199&NaPm=ci%3Dcd4ebe49576a4ec5a87adf59820c0199%7Cct%3Dmurz10ko%7Ctr%3Dnslsl%7Csn%3D921000%7Chk%3D3de35143a5df73d4438681dd21497407b2aa6988,257,00,exact,13200,,unknown,0,1,kamis_retail_unit,True,2026-10-03,2026-10-03T14:48:24.570988+09:00,,,,13200,13200
coupang,4a050ba81204de88fdad5072,"가온누리 머스크 멜론, 1개, 1.2kg5,520원(100g당 460원)내일(일) 새벽 도착 보장(5,599)최대 276원 적립1",,257,00,rejected,5520,,unknown,0,1,kamis_retail_unit,True,2026-10-03,2026-10-03T14:51:28.955260+09:00,,,shipping_unknown,5520,5520
coupang,755e7434f82eb5b8ee0bf9f5,"곰곰 머스크 멜론, 1.6kg, 1개8,310원(100g당 519원)내일(일) 새벽 도착 보장(24,414)최대 415원 적립2",,257,00,rejected,8310,,unknown,0,1,kamis_retail_unit,True,2026-10-03,2026-10-03T14:51:28.956267+09:00,,,shipping_unknown,8310,8310
coupang,c3c893370c2653d49aa8d2d0,"굿뜨래 부여 고당도 멜론, 1.6kg, 1개9,990원(100g당 624원)내일(일) 새벽 도착 보장(14,896)최대 500원 적립3",,257,00,rejected,9990,,unknown,0,1,kamis_retail_unit,True,2026-10-03,2026-10-03T14:51:28.957272+09:00,,,shipping_unknown,9990,9990
coupang,61b614221d9d8a7c38117ba1,"곰곰 머스크 멜론, 2kg, 1개9,900원(100g당 495원)내일(일) 새벽 도착 보장(24,414)최대 495원 적립4",,257,00,rejected,9900,,unknown,0,1,kamis_retail_unit,True,2026-10-03,2026-10-03T14:51:28.958264+09:00,,,shipping_unknown,9900,9900
coupang,ac14714081cebf7f2bedd8c1,"부여 고당도 굿뜨래 멜론, 1.9kg, 1개11,860원(100g당 624원)내일(일) 새벽 도착 보장(14,896)최대 543원 적립5",,257,00,rejected,11860,,unknown,0,1,kamis_retail_unit,True,2026-10-03,2026-10-03T14:51:28.958264+09:00,,,shipping_unknown,11860,11860
coupang,436fc4c54e8f0d9ca66fed33,"곰곰 머스크 멜론, 1.2kg, 1개5,520원(100g당 460원)내일(일) 새벽 도착 보장(24,414)최대 276원 적립6",,257,00,rejected,5520,,unknown,0,1,kamis_retail_unit,True,2026-10-03,2026-10-03T14:51:28.959740+09:00,,,shipping_unknown,5520,5520
coupang,3f230cc899f7aa7d9fb00220,"곡성 고당도 맘에쏙 멜론, 1.9kg, 1개11,860원(100g당 624원)내일(일) 새벽 도착 보장(6,796)최대 593원 적립7",,257,00,rejected,11860,,unknown,0,1,kamis_retail_unit,True,2026-10-03,2026-10-03T14:51:28.960753+09:00,,,shipping_unknown,11860,11860
coupang,e6c82a9c145f94b59225acc6,"곰곰 고당도 고창 멜론, 1개, 2.4kg할인· 09:08:3013,180원9%11,990원(100g당 500원)내일(일) 새벽 도착 보장(49)최대 593원 적립9",,257,00,rejected,11990,,unknown,0,1,kamis_retail_unit,True,2026-10-03,2026-10-03T14:51:28.960753+09:00,,,shipping_unknown,11990,11990
coupang,879baa85353f69bca1435dc7,"상큼일과 머스크멜론 1통 1.2kg 산지직송, 1개9,900원20%7,900원(100g당 658원)10/8(목) 도착 예정무료배송(3)최대 395원 적립10",,257,00,exact,7900,,unknown,0,1,kamis_retail_unit,True,2026-10-03,2026-10-03T14:51:28.962210+09:00,,,,7900,7900
coupang,3280f57536e9846369810d5f,"프리미엄 멜론, 1.5kg, 1개17,900원(100g당 1,193원)내일(일) 새벽 도착 보장(662)최대 745원 적립",,257,00,rejected,17900,,unknown,0,1,kamis_retail_unit,True,2026-10-03,2026-10-03T14:51:28.963394+09:00,,,shipping_unknown,17900,17900
coupang,ad31325e9a2b54af95fb0874,"곰곰 머스크 멜론, 1kg, 1개4,830원(100g당 483원)내일(일) 새벽 도착 보장(24,414)최대 241원 적립",,257,00,rejected,4830,,unknown,0,1,kamis_retail_unit,True,2026-10-03,2026-10-03T14:51:28.963394+09:00,,,shipping_unknown,4830,4830
coupang,98a564aa55de789a0dc85ec2,"가족 허니듀 멜론, 1개, 150g2,470원(100g당 1,647원)내일(일) 도착 보장(68)최대 124원 적립",,257,00,rejected,2470,,unknown,0,1,kamis_retail_unit,True,2026-10-03,2026-10-03T14:51:28.964750+09:00,,,shipping_unknown,2470,2470
coupang,a60f02243ff75ac560d09076,"곰곰 고당도 머스크 멜론, 1개, 1.3kg8,520원(100g당 655원)내일(일) 새벽 도착 보장(147)최대 426원 적립",,257,00,rejected,8520,,unknown,0,1,kamis_retail_unit,True,2026-10-03,2026-10-03T14:51:28.965929+09:00,,,shipping_unknown,8520,8520
coupang,5d9a4d1703977deab7c51967,"델몬트 허니듀 멜론, 800g, 1개12,780원21%9,980원(100g당 1,248원)내일(일) 새벽 도착 보장(7,904)최대 449원 적립",,257,00,rejected,9980,,unknown,0,1,kamis_retail_unit,True,2026-10-03,2026-10-03T14:51:28.968285+09:00,,,shipping_unknown,9980,9980
coupang,8e30f5bcb5429178f19df15a,"산정마을 멜론 머스크 메론 1통, 1개, 01_멜론 1통(1kg 내외)6,900원(100g당 690원)10/7(수) 도착 예정무료배송 ∙ 오늘출발최대 345원 적립",,257,00,exact,6900,,unknown,0,1,kamis_retail_unit,True,2026-10-03,2026-10-03T14:51:28.971287+09:00,,,,6900,6900
coupang,b571f56f00abb8454efc88e8,"곰곰 국내산 당도선별 멜론, 1.2kg, 1개5,520원(100g당 460원)내일(일) 새벽 도착 보장(802)최대 276원 적립품절임박",,257,00,rejected,5520,,unknown,0,1,kamis_retail_unit,False,2026-10-03,2026-10-03T14:51:28.971287+09:00,,,shipping_unknown,5520,5520
coupang,d14832002a369899141aac45,"곰곰 머스크 멜론, 1.3kg, 1개5,980원(100g당 460원)내일(일) 새벽 도착 보장(24,414)최대 299원 적립",,257,00,rejected,5980,,unknown,0,1,kamis_retail_unit,True,2026-10-03,2026-10-03T14:51:28.972286+09:00,,,shipping_unknown,5980,5980
coupang,2f1a75c07cb0cd9f0874e92f,"국내산 머스크멜론 메론 1통, 1개, 01_멜론 1통(1kg 내외)6,900원(100g당 690원)10/7(수) 도착 예정무료배송 ∙ 오늘출발최대 345원 적립",,257,00,exact,6900,,unknown,0,1,kamis_retail_unit,True,2026-10-03,2026-10-03T14:51:28.973295+09:00,,,,6900,6900
coupang,88a6b67bec9e4053d15f689d,"곰곰 고당도 고창 멜론, 1개, 1.6kg9,230원(100g당 577원)내일(일) 새벽 도착 보장(49)최대 415원 적립단 4개 남음빨리 주문하세요!",,257,00,rejected,9230,,unknown,0,1,kamis_retail_unit,True,2026-10-03,2026-10-03T14:51:28.974540+09:00,,,shipping_unknown,9230,9230
coupang,97dd44d20b5a355159cfd980,"델몬트 허니듀 멜론, 400g, 1개8,240원27%5,990원(100g당 1,498원)내일(일) 새벽 도착 보장(7,904)최대 300원 적립",,257,00,rejected,5990,,unknown,0,1,kamis_retail_unit,True,2026-10-03,2026-10-03T14:51:28.975544+09:00,,,shipping_unknown,5990,5990
coupang,e1224f5dc0b53c32e0e67bad,"곰곰 칸탈로프 멜론, 1.6kg, 1개14,990원(100g당 937원)내일(일) 새벽 도착 보장(262)최대 750원 적립단 4개 남음빨리 주문하세요!",,257,00,rejected,14990,,unknown,0,1,kamis_retail_unit,True,2026-10-03,2026-10-03T14:51:28.976545+09:00,,,shipping_unknown,14990,14990
coupang,c1829665b55968a09a93c4a5,"모두유통한반도 고당도 고창 황토밭 멜론, 1개, 2.4kg14,230원(100g당 593원)내일(일) 새벽 도착 보장(284)최대 711원 적립",,257,00,rejected,14230,,unknown,0,1,kamis_retail_unit,True,2026-10-03,2026-10-03T14:51:28.977760+09:00,,,shipping_unknown,14230,14230
coupang,687c5bed8d5a21ebce7e170e,"당도선별 머스크멜론, 1.6kg, 1개8,310원(100g당 519원)내일(일) 새벽 도착 보장(14,272)최대 415원 적립",,257,00,rejected,8310,,unknown,0,1,kamis_retail_unit,True,2026-10-03,2026-10-03T14:51:28.978786+09:00,,,shipping_unknown,8310,8310
coupang,2821c108930929ecf114f39f,"곰곰 머스크 멜론, 1.5kg, 1개6,900원(100g당 460원)내일(일) 새벽 도착 보장(24,414)최대 345원 적립품절임박",,257,00,rejected,6900,,unknown,0,1,kamis_retail_unit,False,2026-10-03,2026-10-03T14:51:28.980769+09:00,,,shipping_unknown,6900,6900
coupang,c36e8e223b2af311ee637478,"가족 허니듀 멜론, 1개, 500g7,480원(100g당 1,496원)내일(일) 도착 보장(341)최대 374원 적립품절임박",,257,00,rejected,7480,,unknown,0,1,kamis_retail_unit,False,2026-10-03,2026-10-03T14:51:28.981815+09:00,,,shipping_unknown,7480,7480
coupang,53c0ddd26d51860c008a51db,"고당도 프리미엄 머스크 멜론 메론 (13brix 이상), 1개, 2kg 내외10,000원21%7,900원(100g당 395원)10/7(수) 도착 예정무료배송(12)최대 395원 적립",,257,00,exact,7900,,unknown,0,1,kamis_retail_unit,True,2026-10-03,2026-10-03T14:51:28.982820+09:00,,,,7900,7900
coupang,cec9e65190d89f567a73f2ce,"가온누리 머스크 멜론, 1개, 1.5kg6,900원(100g당 460원)내일(일) 새벽 도착 보장(5,599)최대 345원 적립단 3개 남음빨리 주문하세요!",,257,00,rejected,6900,,unknown,0,1,kamis_retail_unit,True,2026-10-03,2026-10-03T14:51:28.984864+09:00,,,shipping_unknown,6900,6900
coupang,d7bb20db84b672ded929e42e,"곰곰 국내산 당도선별 멜론, 1.6kg, 1개8,310원(100g당 519원)내일(일) 새벽 도착 보장(802)최대 415원 적립",,257,00,rejected,8310,,unknown,0,1,kamis_retail_unit,True,2026-10-03,2026-10-03T14:51:28.985874+09:00,,,shipping_unknown,8310,8310
coupang,c73108c6c9651b70cb86dc67,"고당도 머스크 멜론 실속형 못난이 메론 (13brix 이상), 1개, 실속형 2kg 내외20,000원65%6,900원(100g당 345원)10/8(목) 도착 예정무료배송(9)최대 345원 적립",,257,00,exact,6900,,unknown,0,1,kamis_retail_unit,True,2026-10-03,2026-10-03T14:51:28.986869+09:00,,,,6900,6900
naver,5c67932a5f318aed6189f2fe,"젠틀파머스 공식 우수셀러 새 창에서 열림 마늘귀신 국산 의성 초신선 깐마늘 1kg 8,400 원 (100g당 840원) 배송비 3,000원 별점 4.76 리뷰 5,115 새 창에서 열림",https://smartstore.naver.com/main/products/9244152219?nl-query=%EA%B9%90%EB%A7%88%EB%8A%98%20%EA%B5%AD%EC%82%B0%201kg&nl-au=1beac2080f74464791962432ebbf3fd1&NaPm=ci%3D1beac2080f74464791962432ebbf3fd1%7Cct%3Dmurz14z5%7Ctr%3Dnslsl%7Csn%3D941305%7Chk%3D0ca9becf726f5b745cfd8ea9fd6ce71c30ea2290,258,01,compatible,8400,,unknown,3000,1,kamis_retail_unit,True,2026-10-03,2026-10-03T14:48:30.456565+09:00,,,,11400,11400
naver,dc4b789cbc8b69a1f3ef5e17,"영흥농산 우수셀러 새 창에서 열림 [품질책임보상] 국내산 깐마늘 대서종 남도종 1kg 할인 전 판매가 12,000원 32% 할인 8,100 원 (100g당 810원) 7,600 원 최대할인가 상세보기 배송비 3,000원 N배송 10.6.(화) 도착 무료교환반품 별점 4.81 리뷰 914 새 창에서 열림",https://smartstore.naver.com/main/products/13660759254?nl-query=%EA%B9%90%EB%A7%88%EB%8A%98%20%EA%B5%AD%EC%82%B0%201kg&nl-au=2faa9d1e74964ce5aafc5981ad415038&NaPm=ci%3D2faa9d1e74964ce5aafc5981ad415038%7Cct%3Dmurz14z5%7Ctr%3Dnslsl%7Csn%3D339835%7Chk%3D6c2df246efc64f9c62b8b03f41034d8ba7a5a70d,258,01,compatible,8100,,unknown,3000,1,kamis_retail_unit,True,2026-10-03,2026-10-03T14:48:30.458046+09:00,,,,11100,11100
naver,8d4709e5bc54c2f8cf90350e,"영흥농산 우수셀러 새 창에서 열림 [품질책임보상] 국내산 깐마늘 소 1kg 꼭지제거 다진마늘 통마늘 할인 전 판매가 14,000원 36% 할인 8,900 원 (100g당 890원) 8,400 원 최대할인가 상세보기 배송비 3,000원 N배송 10.6.(화) 도착 무료교환반품 별점 4.78 리뷰 61,947 새 창에서 열림",https://smartstore.naver.com/main/products/382345752?nl-query=%EA%B9%90%EB%A7%88%EB%8A%98%20%EA%B5%AD%EC%82%B0%201kg&nl-au=3a526e836ad247beb9593300051a5cf2&NaPm=ci%3D3a526e836ad247beb9593300051a5cf2%7Cct%3Dmurz14z5%7Ctr%3Dnslsl%7Csn%3D339835%7Chk%3De6acee1adba77b05562893f05ccda4b05d54c8f8,258,01,compatible,8900,,unknown,3000,1,kamis_retail_unit,True,2026-10-03,2026-10-03T14:48:30.473512+09:00,,,,11900,11900
naver,72836971930086fcaa0c3d5d,"산지발송 국내산 깐마늘 1kg 중 할인 전 판매가 49,900원 70% 할인 14,900 원 (100g당 1,490원) 별점 4.31 리뷰 147 새 창에서 열림",https://smartstore.naver.com/main/products/101344289?nl-query=%EA%B9%90%EB%A7%88%EB%8A%98%20%EA%B5%AD%EC%82%B0%201kg&nl-au=917483b5c59c4c9b9f93830b53e6c34a&NaPm=ci%3D917483b5c59c4c9b9f93830b53e6c34a%7Cct%3Dmurz15mz%7Ctr%3Dnslcrm%7Csn%3D156782%7Chk%3D411f0a94d86d26c7e29bcee55e675b556411c18d,258,01,rejected,14900,,unknown,0,1,kamis_retail_unit,True,2026-10-03,2026-10-03T14:48:30.480515+09:00,,,shipping_unknown,14900,14900
naver,071e95c885737cb9a4d34aa8,"산지발송 국내산 무농약 깐마늘(대) 1kg 할인 전 판매가 19,900원 20% 할인 15,900 원 (100g당 1,590원) 별점 4.65 리뷰 23 새 창에서 열림",https://smartstore.naver.com/main/products/3893749475?nl-query=%EA%B9%90%EB%A7%88%EB%8A%98%20%EA%B5%AD%EC%82%B0%201kg&nl-au=6f94075d63154514a17d88e396add2a9&NaPm=ci%3D6f94075d63154514a17d88e396add2a9%7Cct%3Dmurz15mz%7Ctr%3Dnslcrm%7Csn%3D156782%7Chk%3Dbfb07e00ff1b901b69e360aee02ff92264fd11ff,258,01,rejected,15900,,unknown,0,1,kamis_retail_unit,True,2026-10-03,2026-10-03T14:48:30.488514+09:00,,,shipping_unknown,15900,15900
naver,5e11e61d48b9d8f812e09ca6,"꼭지제거 엄마마늘 새 창에서 열림 엄마마늘 마늘 국내산 깐마늘 햇마늘 다진용 김장 식자재 통마늘용 1kg 9,900 원 (100g당 990원) 배송비 3,000원 별점 4.9 리뷰 4,914 새 창에서 열림",https://smartstore.naver.com/main/products/333433855?nl-query=%EA%B9%90%EB%A7%88%EB%8A%98%20%EA%B5%AD%EC%82%B0%201kg&nl-au=45e49b518b384d98908c685f5809fffa&NaPm=ci%3D45e49b518b384d98908c685f5809fffa%7Cct%3Dmurz14z5%7Ctr%3Dnslsl%7Csn%3D311284%7Chk%3D559fb5f92321cb6b4a9d3d7921fac04f67c8369c,258,01,compatible,9900,,unknown,3000,1,kamis_retail_unit,True,2026-10-03,2026-10-03T14:48:30.492499+09:00,,,,12900,12900
naver,6db20f94d9a2986b22a5777f,"꼭지제거 엄마마늘 새 창에서 열림 국산 깐마늘 슬라이스마늘 대 편마늘 햇마늘 1kg 도매 13,500 원 (100g당 1,350원) 배송비 3,000원 별점 4.9 리뷰 830 새 창에서 열림",https://smartstore.naver.com/main/products/3834014824?nl-query=%EA%B9%90%EB%A7%88%EB%8A%98%20%EA%B5%AD%EC%82%B0%201kg&nl-au=9f7d0954636e4068a096f1537c6a408e&NaPm=ci%3D9f7d0954636e4068a096f1537c6a408e%7Cct%3Dmurz14z5%7Ctr%3Dnslsl%7Csn%3D311284%7Chk%3D79d24dc7e14ab5d0f2f1abf2b4d97108c1c10c14,258,01,compatible,13500,,unknown,3000,1,kamis_retail_unit,True,2026-10-03,2026-10-03T14:48:30.497512+09:00,,,,16500,16500
naver,7e06cf9f9f461e548d9d5610,"푸드앳홈 새 창에서 열림 국내산 냉장 다진마늘, 깐마늘 1kg 외 할인 전 판매가 49,900원 80% 할인 9,900 원 (100g당 990원) 무료배송 별점 4.76 리뷰 2,759 새 창에서 열림",https://smartstore.naver.com/main/products/7511258852?nl-query=%EA%B9%90%EB%A7%88%EB%8A%98%20%EA%B5%AD%EC%82%B0%201kg&nl-au=8365a9f89cdc4456a0d7fdbc62a958e3&NaPm=ci%3D8365a9f89cdc4456a0d7fdbc62a958e3%7Cct%3Dmurz14z6%7Ctr%3Dnslsl%7Csn%3D255955%7Chk%3D461d77d190cebd1a748831b7b9732284b94a982f,258,01,compatible,9900,,unknown,0,1,kamis_retail_unit,True,2026-10-03,2026-10-03T14:48:30.507516+09:00,,,,9900,9900
naver,f98dc52d09f7dd7ae4d80bb4,"엠씨몰 McMall 우수셀러 새 창에서 열림 국내산 창녕 깐마늘 통마늘 1KG 손질마늘 다진마늘 할인 전 판매가 9,200원 45% 할인 5,000 원 (100g당 500원) 4,900 원 최대할인가 상세보기 배송비 3,500원 별점 4.64 리뷰 53 새 창에서 열림",https://smartstore.naver.com/main/products/11097653759?nl-query=%EA%B9%90%EB%A7%88%EB%8A%98%20%EA%B5%AD%EC%82%B0%201kg&nl-au=733922d5d7564745b60e144e7e3b4d3e&NaPm=ci%3D733922d5d7564745b60e144e7e3b4d3e%7Cct%3Dmurz14zt%7Ctr%3Dnslsl%7Csn%3D383569%7Chk%3Dd9b22d947598b960aaa18be4c0febbff64958455,258,01,compatible,5000,,unknown,3500,1,kamis_retail_unit,True,2026-10-03,2026-10-03T14:48:30.515516+09:00,,,,8500,8500
naver,cbf4d566af3819fc31d120e4,"마시존푸드 새 창에서 열림 마시존 26년 햇마늘 국산 깐마늘 (꼭지제거,일반)대,중 1KG 9,950 원 (100g당 995원) 배송비 3,000원 별점 4.89 리뷰 1,036 새 창에서 열림",https://smartstore.naver.com/main/products/5049928761?nl-query=%EA%B9%90%EB%A7%88%EB%8A%98%20%EA%B5%AD%EC%82%B0%201kg&nl-au=42b52011c9bb4783bdba01307d7d2512&NaPm=ci%3D42b52011c9bb4783bdba01307d7d2512%7Cct%3Dmurz14zt%7Ctr%3Dnslsl%7Csn%3D1616377%7Chk%3D563ecfa25133a2e811dace7b624a181966193a45,258,01,compatible,9950,,unknown,3000,1,kamis_retail_unit,True,2026-10-03,2026-10-03T14:48:30.520029+09:00,,,,12950,12950
coupang,871affee62e25f7c067386e7,"국내산 깐마늘, 1kg, 1개9,480원(100g당 948원)내일(일) 새벽 도착 보장(270,737)최대 474원 적립1",,258,01,rejected,9480,,unknown,0,1,kamis_retail_unit,True,2026-10-03,2026-10-03T14:51:34.489178+09:00,,,shipping_unknown,9480,9480
coupang,cafabaef3a9b8f3699b1bdba,"국내산 울팜 창녕 깐마늘 국산 마늘 당일제조 특품 최상품, 1개, 1kg(깐마늘 중)쿠폰할인15,800원27%11,500원(100g당 1,150원)10/7(수) 도착 예정무료배송 ∙ 오늘출발(9,939)최대 575원 적립2",,258,01,compatible,11500,,restricted,0,1,kamis_retail_unit,True,2026-10-03,2026-10-03T14:51:34.491424+09:00,,,,11500,11500
coupang,d7d09bfcc761a33a94cac043,"곰곰X농협 국산 깐마늘, 1개, 1kg9,990원(100g당 999원)내일(일) 새벽 도착 보장(1,609)최대 500원 적립3",,258,01,rejected,9990,,unknown,0,1,kamis_retail_unit,True,2026-10-03,2026-10-03T14:51:34.495558+09:00,,,shipping_unknown,9990,9990
coupang,e5d154f966e7f1c2d427e30a,"26년 국산 창녕 특품 햇깐마늘 통마늘, 1개, 1kg(특품 중)할인25,000원52%11,800원(100g당 1,180원)10/7(수) 도착 예정무료배송 ∙ 오늘출발(1,523)최대 590원 적립5",,258,01,compatible,11800,,unknown,0,1,kamis_retail_unit,True,2026-10-03,2026-10-03T14:51:34.506448+09:00,,,,11800,11800
coupang,92ebe953828c7e7ae9b72d5e,"국산 창녕 2026 햇마늘 햇 마늘 최상품 깐마늘, 1개, 1kg(대)18,800원26%13,800원(100g당 1,380원)10/7(수) 도착 예정무료배송 ∙ 오늘출발(2,158)최대 690원 적립6",,258,01,compatible,13800,,unknown,0,1,kamis_retail_unit,True,2026-10-03,2026-10-03T14:51:34.510461+09:00,,,,13800,13800
coupang,421d86dd8647320bcdcaefcd,"국내산 창녕 깐마늘, 1kg, 1개10,980원(100g당 1,098원)내일(일) 새벽 도착 보장(18,734)최대 549원 적립8",,258,01,rejected,10980,,unknown,0,1,kamis_retail_unit,True,2026-10-03,2026-10-03T14:51:34.514434+09:00,,,shipping_unknown,10980,10980
coupang,d33793cb188d869d19262ed2,"[내일도착보장] 국내산 덜매운 대서종 깐마늘, 1개, 1kg (소)10,800원(100g당 1,080원)10/6(화) 도착 예정무료배송 ∙ 오늘출발(1,042)최대 540원 적립9",,258,01,compatible,10800,,unknown,0,1,kamis_retail_unit,True,2026-10-03,2026-10-03T14:51:34.519448+09:00,,,,10800,10800
coupang,de47873236353621f55d0afe,"국내산 꼭지제거 깐마늘, 1kg, 1개15,980원(100g당 1,598원)내일(일) 새벽 도착 보장(8,875)최대 799원 적립",,258,01,rejected,15980,,unknown,0,1,kamis_retail_unit,True,2026-10-03,2026-10-03T14:51:34.535430+09:00,,,shipping_unknown,15980,15980
coupang,50d920500f2e19cd3662c961,"아르고의 국내산 깐마늘 (등급선택), 1개, 3kg-중31,700원14%27,000원(100g당 900원)10/7(수) 도착 예정무료배송 ∙ 오늘출발(125)최대 1,350원 적립",,258,01,compatible,27000,,unknown,0,3,kamis_retail_unit,True,2026-10-03,2026-10-03T14:51:34.541433+09:00,,,,9000,27000
coupang,4b95b29e2ee1e3a5c23642de,"깐마늘 국산 마늘 (소), 1개, 1kg20,000원40%11,900원(100g당 1,190원)10/7(수) 도착 예정무료배송 ∙ 오늘출발(1)최대 595원 적립",,258,01,compatible,11900,,unknown,0,1,kamis_retail_unit,True,2026-10-03,2026-10-03T14:51:34.545935+09:00,,,,11900,11900
coupang,193a372b6a5b66ba98aca548,"[내일도착보장] 국내산 덜매운 대서종 깐마늘, 1개, 1kg (중)11,100원(100g당 1,110원)10/6(화) 도착 예정무료배송 ∙ 오늘출발(1,042)최대 555원 적립",,258,01,compatible,11100,,unknown,0,1,kamis_retail_unit,True,2026-10-03,2026-10-03T14:51:34.552952+09:00,,,,11100,11100
coupang,06235e22e526e635ce279111,"꼭지제거한 국내산 햇 깐마늘 생마늘, 1세트, 1kg (중)12,800원(100g당 1,280원)배송비 3,000원10/7(수) 도착 예정오늘출발(155)최대 640원 적립",,258,01,compatible,12800,,unknown,3000,1,kamis_retail_unit,True,2026-10-03,2026-10-03T14:51:34.561972+09:00,,,,15800,15800
coupang,4211a32e1239fe93ef5aa5fe,"특 신고배 선물세트 배선물세트 과일선물세트, 10개64,000원(1세트당 6,400원)10/13 도착 예정무료배송최대 3,200원 적립단 2개 남음빨리 주문하세요!5",,412,01,exact,64000,,unknown,0,1,kamis_retail_unit,True,2026-10-03,2026-10-03T14:51:45.966978+09:00,,,,64000,64000
coupang,def5bc2dfd0ec9fa73cbb5e7,"[과채팜스] 갓 수확한 아삭달콤 보름달 배 선물세트 신고배 햇배, 1박스, 선물용 7.5kg (10과 내외)89,000원29%63,000원(100g당 840원)10/10 도착 예정무료배송(1)최대 3,150원 적립",,412,01,exact,63000,,unknown,0,1,kamis_retail_unit,True,2026-10-03,2026-10-03T14:51:45.977901+09:00,,,,63000,63000
