series_id,ticker,observed_date,close,currency,unit,collected_at
coffee_futures,KC=F,2026-06-16,277.25,USD,contract quote,2026-09-25T16:11:28.038800+09:00
corn_futures,ZC=F,2026-06-16,413.75,USD,contract quote,2026-09-25T16:11:26.651860+09:00
cotton_futures,CT=F,2026-06-16,75.01000213623047,USD,contract quote,2026-09-25T16:11:28.669913+09:00
dow_jones,^DJI,2026-06-16,51999.671875,index,index points,2026-09-25T16:11:26.031225+09:00
kosdaq,^KQ11,2026-06-16,1018.6799926757812,index,index points,2026-09-25T16:11:25.127243+09:00
kospi,^KS11,2026-06-16,8726.599609375,index,index points,2026-09-25T16:11:24.851983+09:00
nasdaq,^IXIC,2026-06-16,26376.33984375,index,index points,2026-09-25T16:11:25.718717+09:00
orange_juice_futures,OJ=F,2026-06-16,147.64999389648438,USD,contract quote,2026-09-25T16:11:28.999485+09:00
rough_rice_futures,ZR=F,2026-06-16,11.84000015258789,USD,contract quote,2026-09-25T16:11:27.707728+09:00
soybean_futures,ZS=F,2026-06-16,1130.0,USD,contract quote,2026-09-25T16:11:27.356350+09:00
sp500,^GSPC,2026-06-16,7511.35009765625,index,index points,2026-09-25T16:11:25.406149+09:00
sugar_futures,SB=F,2026-06-16,13.819999694824219,USD,contract quote,2026-09-25T16:11:28.337925+09:00
usd_krw,KRW=X,2026-06-16,1513.31005859375,KRW,KRW per USD,2026-09-25T16:11:26.325227+09:00
wheat_futures,ZW=F,2026-06-16,596.0,USD,contract quote,2026-09-25T16:11:27.012606+09:00
coffee_futures,KC=F,2026-06-17,277.8500061035156,USD,contract quote,2026-09-25T16:11:28.038800+09:00
corn_futures,ZC=F,2026-06-17,421.0,USD,contract quote,2026-09-25T16:11:26.651860+09:00
cotton_futures,CT=F,2026-06-17,76.9000015258789,USD,contract quote,2026-09-25T16:11:28.669913+09:00
dow_jones,^DJI,2026-06-17,51492.55078125,index,index points,2026-09-25T16:11:26.031225+09:00
kosdaq,^KQ11,2026-06-17,1031.9599609375,index,index points,2026-09-25T16:11:25.127243+09:00
kospi,^KS11,2026-06-17,8864.240234375,index,index points,2026-09-25T16:11:24.851983+09:00
nasdaq,^IXIC,2026-06-17,26021.66015625,index,index points,2026-09-25T16:11:25.718717+09:00
orange_juice_futures,OJ=F,2026-06-17,148.85000610351562,USD,contract quote,2026-09-25T16:11:28.999485+09:00
rough_rice_futures,ZR=F,2026-06-17,11.930000305175781,USD,contract quote,2026-09-25T16:11:27.707728+09:00
soybean_futures,ZS=F,2026-06-17,1132.0,USD,contract quote,2026-09-25T16:11:27.356350+09:00
sp500,^GSPC,2026-06-17,7420.10009765625,index,index points,2026-09-25T16:11:25.406149+09:00
sugar_futures,SB=F,2026-06-17,13.850000381469727,USD,contract quote,2026-09-25T16:11:28.337925+09:00
usd_krw,KRW=X,2026-06-17,1510.9599609375,KRW,KRW per USD,2026-09-25T16:11:26.325227+09:00
wheat_futures,ZW=F,2026-06-17,612.75,USD,contract quote,2026-09-25T16:11:27.012606+09:00
coffee_futures,KC=F,2026-06-18,275.1000061035156,USD,contract quote,2026-09-25T16:11:28.038800+09:00
corn_futures,ZC=F,2026-06-18,417.5,USD,contract quote,2026-09-25T16:11:26.651860+09:00
cotton_futures,CT=F,2026-06-18,76.05000305175781,USD,contract quote,2026-09-25T16:11:28.669913+09:00
dow_jones,^DJI,2026-06-18,51564.69921875,index,index points,2026-09-25T16:11:26.031225+09:00
kosdaq,^KQ11,2026-06-18,1000.9299926757812,index,index points,2026-09-25T16:11:25.127243+09:00
kospi,^KS11,2026-06-18,9063.83984375,index,index points,2026-09-25T16:11:24.851983+09:00
nasdaq,^IXIC,2026-06-18,26517.9296875,index,index points,2026-09-25T16:11:25.718717+09:00
orange_juice_futures,OJ=F,2026-06-18,158.5,USD,contract quote,2026-09-25T16:11:28.999485+09:00
rough_rice_futures,ZR=F,2026-06-18,12.204999923706055,USD,contract quote,2026-09-25T16:11:27.707728+09:00
soybean_futures,ZS=F,2026-06-18,1122.75,USD,contract quote,2026-09-25T16:11:27.356350+09:00
sp500,^GSPC,2026-06-18,7500.580078125,index,index points,2026-09-25T16:11:25.406149+09:00
sugar_futures,SB=F,2026-06-18,13.59000015258789,USD,contract quote,2026-09-25T16:11:28.337925+09:00
usd_krw,KRW=X,2026-06-18,1525.4200439453125,KRW,KRW per USD,2026-09-25T16:11:26.325227+09:00
wheat_futures,ZW=F,2026-06-18,605.75,USD,contract quote,2026-09-25T16:11:27.012606+09:00
kosdaq,^KQ11,2026-06-19,966.5900268554688,index,index points,2026-09-25T16:11:25.127243+09:00
kospi,^KS11,2026-06-19,9052.419921875,index,index points,2026-09-25T16:11:24.851983+09:00
usd_krw,KRW=X,2026-06-19,1537.56005859375,KRW,KRW per USD,2026-09-25T16:11:26.325227+09:00
coffee_futures,KC=F,2026-06-22,277.0,USD,contract quote,2026-09-28T19:20:53.177376+09:00
corn_futures,ZC=F,2026-06-22,411.5,USD,contract quote,2026-09-28T19:20:51.885079+09:00
cotton_futures,CT=F,2026-06-22,75.20999908447266,USD,contract quote,2026-09-28T19:20:53.767947+09:00
dow_jones,^DJI,2026-06-22,51712.7109375,index,index points,2026-09-25T16:11:26.031225+09:00
kosdaq,^KQ11,2026-06-22,968.4000244140625,index,index points,2026-09-25T16:11:25.127243+09:00
kospi,^KS11,2026-06-22,9114.5498046875,index,index points,2026-09-25T16:11:24.851983+09:00
nasdaq,^IXIC,2026-06-22,26166.599609375,index,index points,2026-09-25T16:11:25.718717+09:00
orange_juice_futures,OJ=F,2026-06-22,154.60000610351562,USD,contract quote,2026-09-28T19:20:54.055386+09:00
rough_rice_futures,ZR=F,2026-06-22,12.475000381469727,USD,contract quote,2026-09-28T19:20:52.858801+09:00
soybean_futures,ZS=F,2026-06-22,1115.75,USD,contract quote,2026-09-28T19:20:52.576786+09:00
sp500,^GSPC,2026-06-22,7472.7900390625,index,index points,2026-09-25T16:11:25.406149+09:00
sugar_futures,SB=F,2026-06-22,13.350000381469727,USD,contract quote,2026-09-28T19:20:53.461510+09:00
usd_krw,KRW=X,2026-06-22,1531.3299560546875,KRW,KRW per USD,2026-09-25T16:11:26.325227+09:00
wheat_futures,ZW=F,2026-06-22,597.5,USD,contract quote,2026-09-28T19:20:52.215695+09:00
coffee_futures,KC=F,2026-06-23,287.95001220703125,USD,contract quote,2026-09-28T19:20:53.177376+09:00
corn_futures,ZC=F,2026-06-23,409.75,USD,contract quote,2026-09-28T19:20:51.885079+09:00
cotton_futures,CT=F,2026-06-23,73.95999908447266,USD,contract quote,2026-09-28T19:20:53.767947+09:00
dow_jones,^DJI,2026-06-23,51666.83984375,index,index points,2026-09-25T16:11:26.031225+09:00
kosdaq,^KQ11,2026-06-23,891.52001953125,index,index points,2026-09-25T16:11:25.127243+09:00
kospi,^KS11,2026-06-23,8203.83984375,index,index points,2026-09-25T16:11:24.851983+09:00
nasdaq,^IXIC,2026-06-23,25587.0390625,index,index points,2026-09-25T16:11:25.718717+09:00
orange_juice_futures,OJ=F,2026-06-23,149.10000610351562,USD,contract quote,2026-09-28T19:20:54.055386+09:00
rough_rice_futures,ZR=F,2026-06-23,12.895000457763672,USD,contract quote,2026-09-28T19:20:52.858801+09:00
soybean_futures,ZS=F,2026-06-23,1117.0,USD,contract quote,2026-09-28T19:20:52.576786+09:00
sp500,^GSPC,2026-06-23,7365.4599609375,index,index points,2026-09-25T16:11:25.406149+09:00
sugar_futures,SB=F,2026-06-23,13.420000076293945,USD,contract quote,2026-09-28T19:20:53.461510+09:00
usd_krw,KRW=X,2026-06-23,1539.050048828125,KRW,KRW per USD,2026-09-25T16:11:26.325227+09:00
wheat_futures,ZW=F,2026-06-23,586.75,USD,contract quote,2026-09-28T19:20:52.215695+09:00
coffee_futures,KC=F,2026-06-24,291.54998779296875,USD,contract quote,2026-09-28T19:20:53.177376+09:00
corn_futures,ZC=F,2026-06-24,407.0,USD,contract quote,2026-09-28T19:20:51.885079+09:00
cotton_futures,CT=F,2026-06-24,72.08999633789062,USD,contract quote,2026-09-28T19:20:53.767947+09:00
dow_jones,^DJI,2026-06-24,51848.8984375,index,index points,2026-09-25T16:11:26.031225+09:00
kosdaq,^KQ11,2026-06-24,909.3099975585938,index,index points,2026-09-25T16:11:25.127243+09:00
kospi,^KS11,2026-06-24,8471.01953125,index,index points,2026-09-25T16:11:24.851983+09:00
nasdaq,^IXIC,2026-06-24,25476.640625,index,index points,2026-09-25T16:11:25.718717+09:00
orange_juice_futures,OJ=F,2026-06-24,139.10000610351562,USD,contract quote,2026-09-28T19:20:54.055386+09:00
rough_rice_futures,ZR=F,2026-06-24,12.925000190734863,USD,contract quote,2026-09-28T19:20:52.858801+09:00
soybean_futures,ZS=F,2026-06-24,1108.75,USD,contract quote,2026-09-28T19:20:52.576786+09:00
sp500,^GSPC,2026-06-24,7358.22021484375,index,index points,2026-09-25T16:11:25.406149+09:00
sugar_futures,SB=F,2026-06-24,13.420000076293945,USD,contract quote,2026-09-28T19:20:53.461510+09:00
usd_krw,KRW=X,2026-06-24,1535.25,KRW,KRW per USD,2026-09-25T16:11:26.325227+09:00
wheat_futures,ZW=F,2026-06-24,585.75,USD,contract quote,2026-09-28T19:20:52.215695+09:00
coffee_futures,KC=F,2026-06-25,288.79998779296875,USD,contract quote,2026-09-28T19:20:53.177376+09:00
corn_futures,ZC=F,2026-06-25,414.75,USD,contract quote,2026-09-28T19:20:51.885079+09:00
cotton_futures,CT=F,2026-06-25,73.4000015258789,USD,contract quote,2026-09-28T19:20:53.767947+09:00
dow_jones,^DJI,2026-06-25,51920.62109375,index,index points,2026-09-25T16:11:26.031225+09:00
kosdaq,^KQ11,2026-06-25,887.8099975585938,index,index points,2026-09-25T16:11:25.127243+09:00
kospi,^KS11,2026-06-25,8930.2998046875,index,index points,2026-09-25T16:11:24.851983+09:00
nasdaq,^IXIC,2026-06-25,25358.599609375,index,index points,2026-09-25T16:11:25.718717+09:00
orange_juice_futures,OJ=F,2026-06-25,133.35000610351562,USD,contract quote,2026-09-28T19:20:54.055386+09:00
rough_rice_futures,ZR=F,2026-06-25,12.975000381469727,USD,contract quote,2026-09-28T19:20:52.858801+09:00
soybean_futures,ZS=F,2026-06-25,1127.5,USD,contract quote,2026-09-28T19:20:52.576786+09:00
sp500,^GSPC,2026-06-25,7357.490234375,index,index points,2026-09-25T16:11:25.406149+09:00
sugar_futures,SB=F,2026-06-25,13.550000190734863,USD,contract quote,2026-09-28T19:20:53.461510+09:00
usd_krw,KRW=X,2026-06-25,1542.760009765625,KRW,KRW per USD,2026-09-25T16:11:26.325227+09:00
wheat_futures,ZW=F,2026-06-25,591.0,USD,contract quote,2026-09-28T19:20:52.215695+09:00
coffee_futures,KC=F,2026-06-26,286.75,USD,contract quote,2026-09-28T19:20:53.177376+09:00
corn_futures,ZC=F,2026-06-26,412.75,USD,contract quote,2026-09-28T19:20:51.885079+09:00
cotton_futures,CT=F,2026-06-26,71.66000366210938,USD,contract quote,2026-09-28T19:20:53.767947+09:00
dow_jones,^DJI,2026-06-26,51876.109375,index,index points,2026-09-25T16:11:26.031225+09:00
kosdaq,^KQ11,2026-06-26,851.3699951171875,index,index points,2026-09-25T16:11:25.127243+09:00
kospi,^KS11,2026-06-26,8411.2099609375,index,index points,2026-09-25T16:11:24.851983+09:00
nasdaq,^IXIC,2026-06-26,25297.619140625,index,index points,2026-09-25T16:11:25.718717+09:00
orange_juice_futures,OJ=F,2026-06-26,140.89999389648438,USD,contract quote,2026-09-28T19:20:54.055386+09:00
rough_rice_futures,ZR=F,2026-06-26,13.100000381469727,USD,contract quote,2026-09-28T19:20:52.858801+09:00
soybean_futures,ZS=F,2026-06-26,1126.25,USD,contract quote,2026-09-28T19:20:52.576786+09:00
sp500,^GSPC,2026-06-26,7354.02001953125,index,index points,2026-09-25T16:11:25.406149+09:00
sugar_futures,SB=F,2026-06-26,13.979999542236328,USD,contract quote,2026-09-28T19:20:53.461510+09:00
usd_krw,KRW=X,2026-06-26,1546.47998046875,KRW,KRW per USD,2026-09-25T16:11:26.325227+09:00
wheat_futures,ZW=F,2026-06-26,578.25,USD,contract quote,2026-09-28T19:20:52.215695+09:00
coffee_futures,KC=F,2026-06-29,291.1000061035156,USD,contract quote,2026-09-28T19:20:53.177376+09:00
corn_futures,ZC=F,2026-06-29,402.0,USD,contract quote,2026-09-28T19:20:51.885079+09:00
cotton_futures,CT=F,2026-06-29,72.0,USD,contract quote,2026-09-28T19:20:53.767947+09:00
dow_jones,^DJI,2026-06-29,52182.73828125,index,index points,2026-09-25T16:11:26.031225+09:00
kosdaq,^KQ11,2026-06-29,920.5700073242188,index,index points,2026-09-25T16:11:25.127243+09:00
kospi,^KS11,2026-06-29,8394.650390625,index,index points,2026-09-25T16:11:24.851983+09:00
nasdaq,^IXIC,2026-06-29,25820.140625,index,index points,2026-09-25T16:11:25.718717+09:00
orange_juice_futures,OJ=F,2026-06-29,141.75,USD,contract quote,2026-09-28T19:20:54.055386+09:00
rough_rice_futures,ZR=F,2026-06-29,13.21500015258789,USD,contract quote,2026-09-28T19:20:52.858801+09:00
soybean_futures,ZS=F,2026-06-29,1108.75,USD,contract quote,2026-09-28T19:20:52.576786+09:00
sp500,^GSPC,2026-06-29,7440.43017578125,index,index points,2026-09-25T16:11:25.406149+09:00
sugar_futures,SB=F,2026-06-29,14.289999961853027,USD,contract quote,2026-09-28T19:20:53.461510+09:00
usd_krw,KRW=X,2026-06-29,1535.239990234375,KRW,KRW per USD,2026-09-25T16:11:26.325227+09:00
wheat_futures,ZW=F,2026-06-29,569.5,USD,contract quote,2026-09-28T19:20:52.215695+09:00
coffee_futures,KC=F,2026-06-30,311.20001220703125,USD,contract quote,2026-09-28T19:20:53.177376+09:00
corn_futures,ZC=F,2026-06-30,412.75,USD,contract quote,2026-09-28T19:20:51.885079+09:00
cotton_futures,CT=F,2026-06-30,72.22000122070312,USD,contract quote,2026-09-28T19:20:53.767947+09:00
dow_jones,^DJI,2026-06-30,52319.19921875,index,index points,2026-09-25T16:11:26.031225+09:00
kosdaq,^KQ11,2026-06-30,916.1799926757812,index,index points,2026-09-25T16:11:25.127243+09:00
kospi,^KS11,2026-06-30,8476.48046875,index,index points,2026-09-25T16:11:24.851983+09:00
nasdaq,^IXIC,2026-06-30,26213.720703125,index,index points,2026-09-25T16:11:25.718717+09:00
orange_juice_futures,OJ=F,2026-06-30,172.75,USD,contract quote,2026-09-28T19:20:54.055386+09:00
rough_rice_futures,ZR=F,2026-06-30,12.819999694824219,USD,contract quote,2026-09-28T19:20:52.858801+09:00
soybean_futures,ZS=F,2026-06-30,1116.75,USD,contract quote,2026-09-28T19:20:52.576786+09:00
sp500,^GSPC,2026-06-30,7499.35986328125,index,index points,2026-09-25T16:11:25.406149+09:00
sugar_futures,SB=F,2026-06-30,14.34000015258789,USD,contract quote,2026-09-28T19:20:53.461510+09:00
usd_krw,KRW=X,2026-06-30,1541.72998046875,KRW,KRW per USD,2026-09-25T16:11:26.325227+09:00
wheat_futures,ZW=F,2026-06-30,580.75,USD,contract quote,2026-09-28T19:20:52.215695+09:00
coffee_futures,KC=F,2026-07-01,324.29998779296875,USD,contract quote,2026-09-28T19:20:53.177376+09:00
corn_futures,ZC=F,2026-07-01,421.0,USD,contract quote,2026-09-28T19:20:51.885079+09:00
cotton_futures,CT=F,2026-07-01,73.27999877929688,USD,contract quote,2026-09-28T19:20:53.767947+09:00
dow_jones,^DJI,2026-07-01,52305.23828125,index,index points,2026-09-25T16:11:26.031225+09:00
kosdaq,^KQ11,2026-07-01,929.3499755859375,index,index points,2026-09-25T16:11:25.127243+09:00
kospi,^KS11,2026-07-01,8303.41015625,index,index points,2026-09-25T16:11:24.851983+09:00
nasdaq,^IXIC,2026-07-01,26040.029296875,index,index points,2026-09-25T16:11:25.718717+09:00
orange_juice_futures,OJ=F,2026-07-01,174.89999389648438,USD,contract quote,2026-09-28T19:20:54.055386+09:00
rough_rice_futures,ZR=F,2026-07-01,12.864999771118164,USD,contract quote,2026-09-28T19:20:52.858801+09:00
soybean_futures,ZS=F,2026-07-01,1126.25,USD,contract quote,2026-09-28T19:20:52.576786+09:00
sp500,^GSPC,2026-07-01,7483.22998046875,index,index points,2026-09-25T16:11:25.406149+09:00
sugar_futures,SB=F,2026-07-01,14.989999771118164,USD,contract quote,2026-09-28T19:20:53.461510+09:00
usd_krw,KRW=X,2026-07-01,1548.6099853515625,KRW,KRW per USD,2026-09-25T16:11:26.325227+09:00
wheat_futures,ZW=F,2026-07-01,592.0,USD,contract quote,2026-09-28T19:20:52.215695+09:00
coffee_futures,KC=F,2026-07-02,315.6499938964844,USD,contract quote,2026-09-28T19:20:53.177376+09:00
corn_futures,ZC=F,2026-07-02,425.0,USD,contract quote,2026-09-28T19:20:51.885079+09:00
cotton_futures,CT=F,2026-07-02,72.56999969482422,USD,contract quote,2026-09-28T19:20:53.767947+09:00
dow_jones,^DJI,2026-07-02,52900.0703125,index,index points,2026-09-25T16:11:26.031225+09:00
kosdaq,^KQ11,2026-07-02,866.719970703125,index,index points,2026-09-25T16:11:25.127243+09:00
kospi,^KS11,2026-07-02,7648.08984375,index,index points,2026-09-25T16:11:24.851983+09:00
nasdaq,^IXIC,2026-07-02,25832.669921875,index,index points,2026-09-25T16:11:25.718717+09:00
orange_juice_futures,OJ=F,2026-07-02,174.0,USD,contract quote,2026-09-28T19:20:54.055386+09:00
rough_rice_futures,ZR=F,2026-07-02,12.805000305175781,USD,contract quote,2026-09-28T19:20:52.858801+09:00
soybean_futures,ZS=F,2026-07-02,1131.75,USD,contract quote,2026-09-28T19:20:52.576786+09:00
sp500,^GSPC,2026-07-02,7483.240234375,index,index points,2026-09-25T16:11:25.406149+09:00
sugar_futures,SB=F,2026-07-02,14.850000381469727,USD,contract quote,2026-09-28T19:20:53.461510+09:00
usd_krw,KRW=X,2026-07-02,1551.81005859375,KRW,KRW per USD,2026-09-25T16:11:26.325227+09:00
wheat_futures,ZW=F,2026-07-02,590.5,USD,contract quote,2026-09-28T19:20:52.215695+09:00
kosdaq,^KQ11,2026-07-03,868.4099731445312,index,index points,2026-09-25T16:11:25.127243+09:00
kospi,^KS11,2026-07-03,8088.33984375,index,index points,2026-09-25T16:11:24.851983+09:00
usd_krw,KRW=X,2026-07-03,1542.1300048828125,KRW,KRW per USD,2026-09-25T16:11:26.325227+09:00
coffee_futures,KC=F,2026-07-06,363.95001220703125,USD,contract quote,2026-09-28T19:20:53.177376+09:00
corn_futures,ZC=F,2026-07-06,440.75,USD,contract quote,2026-09-28T19:20:51.885079+09:00
cotton_futures,CT=F,2026-07-06,73.94999694824219,USD,contract quote,2026-09-28T19:20:53.767947+09:00
dow_jones,^DJI,2026-07-06,53055.91015625,index,index points,2026-09-25T16:11:26.031225+09:00
kosdaq,^KQ11,2026-07-06,847.0700073242188,index,index points,2026-09-25T16:11:25.127243+09:00
kospi,^KS11,2026-07-06,8051.330078125,index,index points,2026-09-25T16:11:24.851983+09:00
nasdaq,^IXIC,2026-07-06,26121.16015625,index,index points,2026-09-25T16:11:25.718717+09:00
orange_juice_futures,OJ=F,2026-07-06,182.75,USD,contract quote,2026-09-28T19:20:54.055386+09:00
rough_rice_futures,ZR=F,2026-07-06,12.800000190734863,USD,contract quote,2026-09-28T19:20:52.858801+09:00
soybean_futures,ZS=F,2026-07-06,1182.25,USD,contract quote,2026-09-28T19:20:52.576786+09:00
sp500,^GSPC,2026-07-06,7537.43017578125,index,index points,2026-09-25T16:11:25.406149+09:00
sugar_futures,SB=F,2026-07-06,15.220000267028809,USD,contract quote,2026-09-28T19:20:53.461510+09:00
usd_krw,KRW=X,2026-07-06,1531.0,KRW,KRW per USD,2026-09-25T16:11:26.325227+09:00
wheat_futures,ZW=F,2026-07-06,606.0,USD,contract quote,2026-09-28T19:20:52.215695+09:00
coffee_futures,KC=F,2026-07-07,331.6000061035156,USD,contract quote,2026-09-28T19:20:53.177376+09:00
corn_futures,ZC=F,2026-07-07,442.5,USD,contract quote,2026-09-28T19:20:51.885079+09:00
cotton_futures,CT=F,2026-07-07,76.94000244140625,USD,contract quote,2026-09-28T19:20:53.767947+09:00
dow_jones,^DJI,2026-07-07,52925.1484375,index,index points,2026-09-25T16:11:26.031225+09:00
kosdaq,^KQ11,2026-07-07,831.22998046875,index,index points,2026-09-25T16:11:25.127243+09:00
kospi,^KS11,2026-07-07,7656.31005859375,index,index points,2026-09-25T16:11:24.851983+09:00
nasdaq,^IXIC,2026-07-07,25818.689453125,index,index points,2026-09-25T16:11:25.718717+09:00
orange_juice_futures,OJ=F,2026-07-07,162.10000610351562,USD,contract quote,2026-09-28T19:20:54.055386+09:00
rough_rice_futures,ZR=F,2026-07-07,13.21500015258789,USD,contract quote,2026-09-28T19:20:52.858801+09:00
soybean_futures,ZS=F,2026-07-07,1196.75,USD,contract quote,2026-09-28T19:20:52.576786+09:00
sp500,^GSPC,2026-07-07,7503.85009765625,index,index points,2026-09-25T16:11:25.406149+09:00
sugar_futures,SB=F,2026-07-07,15.140000343322754,USD,contract quote,2026-09-28T19:20:53.461510+09:00
usd_krw,KRW=X,2026-07-07,1528.760009765625,KRW,KRW per USD,2026-09-25T16:11:26.325227+09:00
wheat_futures,ZW=F,2026-07-07,609.25,USD,contract quote,2026-09-28T19:20:52.215695+09:00
coffee_futures,KC=F,2026-07-08,324.25,USD,contract quote,2026-09-28T19:20:53.177376+09:00
corn_futures,ZC=F,2026-07-08,434.75,USD,contract quote,2026-09-28T19:20:51.885079+09:00
cotton_futures,CT=F,2026-07-08,76.20999908447266,USD,contract quote,2026-09-28T19:20:53.767947+09:00
dow_jones,^DJI,2026-07-08,52348.390625,index,index points,2026-09-25T16:11:26.031225+09:00
kosdaq,^KQ11,2026-07-08,785.0,index,index points,2026-09-25T16:11:25.127243+09:00
kospi,^KS11,2026-07-08,7246.7900390625,index,index points,2026-09-25T16:11:24.851983+09:00
nasdaq,^IXIC,2026-07-08,25870.650390625,index,index points,2026-09-25T16:11:25.718717+09:00
orange_juice_futures,OJ=F,2026-07-08,158.25,USD,contract quote,2026-09-28T19:20:54.055386+09:00
rough_rice_futures,ZR=F,2026-07-08,13.140000343322754,USD,contract quote,2026-09-28T19:20:52.858801+09:00
soybean_futures,ZS=F,2026-07-08,1195.0,USD,contract quote,2026-09-28T19:20:52.576786+09:00
sp500,^GSPC,2026-07-08,7482.7099609375,index,index points,2026-09-25T16:11:25.406149+09:00
sugar_futures,SB=F,2026-07-08,15.109999656677246,USD,contract quote,2026-09-28T19:20:53.461510+09:00
usd_krw,KRW=X,2026-07-08,1519.8599853515625,KRW,KRW per USD,2026-09-25T16:11:26.325227+09:00
wheat_futures,ZW=F,2026-07-08,599.5,USD,contract quote,2026-09-28T19:20:52.215695+09:00
coffee_futures,KC=F,2026-07-09,356.95001220703125,USD,contract quote,2026-09-28T19:20:53.177376+09:00
corn_futures,ZC=F,2026-07-09,427.75,USD,contract quote,2026-09-28T19:20:51.885079+09:00
cotton_futures,CT=F,2026-07-09,76.16000366210938,USD,contract quote,2026-09-28T19:20:53.767947+09:00
dow_jones,^DJI,2026-07-09,52487.41015625,index,index points,2026-09-25T16:11:26.031225+09:00
kosdaq,^KQ11,2026-07-09,794.0,index,index points,2026-09-25T16:11:25.127243+09:00
kospi,^KS11,2026-07-09,7291.91015625,index,index points,2026-09-25T16:11:24.851983+09:00
nasdaq,^IXIC,2026-07-09,26206.890625,index,index points,2026-09-25T16:11:25.718717+09:00
orange_juice_futures,OJ=F,2026-07-09,149.89999389648438,USD,contract quote,2026-09-28T19:20:54.055386+09:00
rough_rice_futures,ZR=F,2026-07-09,13.4350004196167,USD,contract quote,2026-09-28T19:20:52.858801+09:00
soybean_futures,ZS=F,2026-07-09,1179.75,USD,contract quote,2026-09-28T19:20:52.576786+09:00
sp500,^GSPC,2026-07-09,7543.64013671875,index,index points,2026-09-25T16:11:25.406149+09:00
sugar_futures,SB=F,2026-07-09,15.119999885559082,USD,contract quote,2026-09-28T19:20:53.461510+09:00
usd_krw,KRW=X,2026-07-09,1503.3499755859375,KRW,KRW per USD,2026-09-25T16:11:26.325227+09:00
wheat_futures,ZW=F,2026-07-09,611.25,USD,contract quote,2026-09-28T19:20:52.215695+09:00
coffee_futures,KC=F,2026-07-10,343.0,USD,contract quote,2026-09-28T19:20:53.177376+09:00
corn_futures,ZC=F,2026-07-10,438.0,USD,contract quote,2026-09-28T19:20:51.885079+09:00
cotton_futures,CT=F,2026-07-10,79.91999816894531,USD,contract quote,2026-09-28T19:20:53.767947+09:00
dow_jones,^DJI,2026-07-10,52637.01171875,index,index points,2026-09-25T16:11:26.031225+09:00
kosdaq,^KQ11,2026-07-10,837.4299926757812,index,index points,2026-09-25T16:11:25.127243+09:00
kospi,^KS11,2026-07-10,7475.93994140625,index,index points,2026-09-25T16:11:24.851983+09:00
nasdaq,^IXIC,2026-07-10,26281.609375,index,index points,2026-09-25T16:11:25.718717+09:00
orange_juice_futures,OJ=F,2026-07-10,147.85000610351562,USD,contract quote,2026-09-28T19:20:54.055386+09:00
rough_rice_futures,ZR=F,2026-07-10,13.345000267028809,USD,contract quote,2026-09-28T19:20:52.858801+09:00
soybean_futures,ZS=F,2026-07-10,1196.5,USD,contract quote,2026-09-28T19:20:52.576786+09:00
sp500,^GSPC,2026-07-10,7575.39013671875,index,index points,2026-09-25T16:11:25.406149+09:00
sugar_futures,SB=F,2026-07-10,14.880000114440918,USD,contract quote,2026-09-28T19:20:53.461510+09:00
usd_krw,KRW=X,2026-07-10,1505.9100341796875,KRW,KRW per USD,2026-09-25T16:11:26.325227+09:00
wheat_futures,ZW=F,2026-07-10,632.0,USD,contract quote,2026-09-28T19:20:52.215695+09:00
coffee_futures,KC=F,2026-07-13,341.3999938964844,USD,contract quote,2026-09-28T19:20:53.177376+09:00
corn_futures,ZC=F,2026-07-13,437.75,USD,contract quote,2026-09-28T19:20:51.885079+09:00
cotton_futures,CT=F,2026-07-13,79.83000183105469,USD,contract quote,2026-09-28T19:20:53.767947+09:00
dow_jones,^DJI,2026-07-13,52498.640625,index,index points,2026-09-25T16:11:26.031225+09:00
kosdaq,^KQ11,2026-07-13,799.3599853515625,index,index points,2026-09-25T16:11:25.127243+09:00
kospi,^KS11,2026-07-13,6806.93017578125,index,index points,2026-09-25T16:11:24.851983+09:00
nasdaq,^IXIC,2026-07-13,25873.1796875,index,index points,2026-09-25T16:11:25.718717+09:00
orange_juice_futures,OJ=F,2026-07-13,142.5500030517578,USD,contract quote,2026-09-28T19:20:54.055386+09:00
rough_rice_futures,ZR=F,2026-07-13,13.170000076293945,USD,contract quote,2026-09-28T19:20:52.858801+09:00
soybean_futures,ZS=F,2026-07-13,1202.0,USD,contract quote,2026-09-28T19:20:52.576786+09:00
sp500,^GSPC,2026-07-13,7515.33984375,index,index points,2026-09-25T16:11:25.406149+09:00
sugar_futures,SB=F,2026-07-13,14.75,USD,contract quote,2026-09-28T19:20:53.461510+09:00
usd_krw,KRW=X,2026-07-13,1498.47998046875,KRW,KRW per USD,2026-09-25T16:11:26.325227+09:00
wheat_futures,ZW=F,2026-07-13,627.0,USD,contract quote,2026-09-28T19:20:52.215695+09:00
coffee_futures,KC=F,2026-07-14,337.20001220703125,USD,contract quote,2026-09-28T19:20:53.177376+09:00
corn_futures,ZC=F,2026-07-14,433.75,USD,contract quote,2026-09-28T19:20:51.885079+09:00
cotton_futures,CT=F,2026-07-14,79.5999984741211,USD,contract quote,2026-09-28T19:20:53.767947+09:00
dow_jones,^DJI,2026-07-14,52508.26953125,index,index points,2026-09-25T16:11:26.031225+09:00
kosdaq,^KQ11,2026-07-14,783.97998046875,index,index points,2026-09-25T16:11:25.127243+09:00
kospi,^KS11,2026-07-14,6856.830078125,index,index points,2026-09-25T16:11:24.851983+09:00
nasdaq,^IXIC,2026-07-14,26107.009765625,index,index points,2026-09-25T16:11:25.718717+09:00
orange_juice_futures,OJ=F,2026-07-14,140.25,USD,contract quote,2026-09-28T19:20:54.055386+09:00
rough_rice_futures,ZR=F,2026-07-14,13.149999618530273,USD,contract quote,2026-09-28T19:20:52.858801+09:00
soybean_futures,ZS=F,2026-07-14,1207.25,USD,contract quote,2026-09-28T19:20:52.576786+09:00
sp500,^GSPC,2026-07-14,7543.58984375,index,index points,2026-09-25T16:11:25.406149+09:00
sugar_futures,SB=F,2026-07-14,14.880000114440918,USD,contract quote,2026-09-28T19:20:53.461510+09:00
usd_krw,KRW=X,2026-07-14,1497.699951171875,KRW,KRW per USD,2026-09-25T16:11:26.325227+09:00
wheat_futures,ZW=F,2026-07-14,631.25,USD,contract quote,2026-09-28T19:20:52.215695+09:00
coffee_futures,KC=F,2026-07-15,334.45001220703125,USD,contract quote,2026-09-28T19:20:53.177376+09:00
corn_futures,ZC=F,2026-07-15,447.5,USD,contract quote,2026-09-28T19:20:51.885079+09:00
cotton_futures,CT=F,2026-07-15,80.55999755859375,USD,contract quote,2026-09-28T19:20:53.767947+09:00
dow_jones,^DJI,2026-07-15,52658.640625,index,index points,2026-09-25T16:11:26.031225+09:00
kosdaq,^KQ11,2026-07-15,829.4299926757812,index,index points,2026-09-25T16:11:25.127243+09:00
kospi,^KS11,2026-07-15,7284.41015625,index,index points,2026-09-25T16:11:24.851983+09:00
nasdaq,^IXIC,2026-07-15,26269.23046875,index,index points,2026-09-25T16:11:25.718717+09:00
orange_juice_futures,OJ=F,2026-07-15,138.85000610351562,USD,contract quote,2026-09-28T19:20:54.055386+09:00
rough_rice_futures,ZR=F,2026-07-15,13.930000305175781,USD,contract quote,2026-09-28T19:20:52.858801+09:00
soybean_futures,ZS=F,2026-07-15,1202.25,USD,contract quote,2026-09-28T19:20:52.576786+09:00
sp500,^GSPC,2026-07-15,7572.39990234375,index,index points,2026-09-25T16:11:25.406149+09:00
sugar_futures,SB=F,2026-07-15,14.850000381469727,USD,contract quote,2026-09-28T19:20:53.461510+09:00
usd_krw,KRW=X,2026-07-15,1487.8800048828125,KRW,KRW per USD,2026-09-25T16:11:26.325227+09:00
wheat_futures,ZW=F,2026-07-15,677.5,USD,contract quote,2026-09-28T19:20:52.215695+09:00
coffee_futures,KC=F,2026-07-16,321.29998779296875,USD,contract quote,2026-09-28T19:20:53.177376+09:00
corn_futures,ZC=F,2026-07-16,441.5,USD,contract quote,2026-09-28T19:20:51.885079+09:00
cotton_futures,CT=F,2026-07-16,77.69000244140625,USD,contract quote,2026-09-28T19:20:53.767947+09:00
dow_jones,^DJI,2026-07-16,52552.96875,index,index points,2026-09-25T16:11:26.031225+09:00
kosdaq,^KQ11,2026-07-16,791.8400268554688,index,index points,2026-09-25T16:11:25.127243+09:00
kospi,^KS11,2026-07-16,6820.60009765625,index,index points,2026-09-25T16:11:24.851983+09:00
nasdaq,^IXIC,2026-07-16,25881.94921875,index,index points,2026-09-25T16:11:25.718717+09:00
orange_juice_futures,OJ=F,2026-07-16,133.8000030517578,USD,contract quote,2026-09-28T19:20:54.055386+09:00
rough_rice_futures,ZR=F,2026-07-16,14.020000457763672,USD,contract quote,2026-09-28T19:20:52.858801+09:00
soybean_futures,ZS=F,2026-07-16,1195.0,USD,contract quote,2026-09-28T19:20:52.576786+09:00
sp500,^GSPC,2026-07-16,7533.77001953125,index,index points,2026-09-25T16:11:25.406149+09:00
sugar_futures,SB=F,2026-07-16,14.4399995803833,USD,contract quote,2026-09-28T19:20:53.461510+09:00
usd_krw,KRW=X,2026-07-16,1486.199951171875,KRW,KRW per USD,2026-09-25T16:11:26.325227+09:00
wheat_futures,ZW=F,2026-07-16,674.75,USD,contract quote,2026-09-28T19:20:52.215695+09:00
coffee_futures,KC=F,2026-07-17,328.45001220703125,USD,contract quote,2026-09-28T19:20:53.177376+09:00
corn_futures,ZC=F,2026-07-17,444.75,USD,contract quote,2026-09-28T19:20:51.885079+09:00
cotton_futures,CT=F,2026-07-17,77.06999969482422,USD,contract quote,2026-09-28T19:20:53.767947+09:00
dow_jones,^DJI,2026-07-17,52146.421875,index,index points,2026-09-25T16:11:26.031225+09:00
nasdaq,^IXIC,2026-07-17,25520.240234375,index,index points,2026-09-25T16:11:25.718717+09:00
orange_juice_futures,OJ=F,2026-07-17,138.1999969482422,USD,contract quote,2026-09-28T19:20:54.055386+09:00
rough_rice_futures,ZR=F,2026-07-17,14.010000228881836,USD,contract quote,2026-09-28T19:20:52.858801+09:00
soybean_futures,ZS=F,2026-07-17,1204.5,USD,contract quote,2026-09-28T19:20:52.576786+09:00
sp500,^GSPC,2026-07-17,7457.68994140625,index,index points,2026-09-25T16:11:25.406149+09:00
sugar_futures,SB=F,2026-07-17,14.829999923706055,USD,contract quote,2026-09-28T19:20:53.461510+09:00
usd_krw,KRW=X,2026-07-17,1478.8499755859375,KRW,KRW per USD,2026-09-25T16:11:26.325227+09:00
wheat_futures,ZW=F,2026-07-17,682.75,USD,contract quote,2026-09-28T19:20:52.215695+09:00
coffee_futures,KC=F,2026-07-20,334.3999938964844,USD,contract quote,2026-09-28T19:20:53.177376+09:00
corn_futures,ZC=F,2026-07-20,449.5,USD,contract quote,2026-09-28T19:20:51.885079+09:00
cotton_futures,CT=F,2026-07-20,77.37000274658203,USD,contract quote,2026-09-28T19:20:53.767947+09:00
dow_jones,^DJI,2026-07-20,51839.26171875,index,index points,2026-09-25T16:11:26.031225+09:00
kosdaq,^KQ11,2026-07-20,749.6400146484375,index,index points,2026-09-25T16:11:25.127243+09:00
kospi,^KS11,2026-07-20,6516.27001953125,index,index points,2026-09-25T16:11:24.851983+09:00
nasdaq,^IXIC,2026-07-20,25508.0703125,index,index points,2026-09-25T16:11:25.718717+09:00
orange_juice_futures,OJ=F,2026-07-20,147.39999389648438,USD,contract quote,2026-09-28T19:20:54.055386+09:00
rough_rice_futures,ZR=F,2026-07-20,14.0,USD,contract quote,2026-09-28T19:20:52.858801+09:00
soybean_futures,ZS=F,2026-07-20,1226.0,USD,contract quote,2026-09-28T19:20:52.576786+09:00
sp500,^GSPC,2026-07-20,7443.27978515625,index,index points,2026-09-25T16:11:25.406149+09:00
sugar_futures,SB=F,2026-07-20,14.819999694824219,USD,contract quote,2026-09-28T19:20:53.461510+09:00
usd_krw,KRW=X,2026-07-20,1487.3900146484375,KRW,KRW per USD,2026-09-25T16:11:26.325227+09:00
wheat_futures,ZW=F,2026-07-20,674.0,USD,contract quote,2026-09-28T19:20:52.215695+09:00
coffee_futures,KC=F,2026-07-21,331.95001220703125,USD,contract quote,2026-09-28T19:20:53.177376+09:00
corn_futures,ZC=F,2026-07-21,452.75,USD,contract quote,2026-09-28T19:20:51.885079+09:00
cotton_futures,CT=F,2026-07-21,78.95999908447266,USD,contract quote,2026-09-28T19:20:53.767947+09:00
dow_jones,^DJI,2026-07-21,52224.640625,index,index points,2026-09-25T16:11:26.031225+09:00
kosdaq,^KQ11,2026-07-21,753.3400268554688,index,index points,2026-09-25T16:11:25.127243+09:00
kospi,^KS11,2026-07-21,6747.9501953125,index,index points,2026-09-25T16:11:24.851983+09:00
nasdaq,^IXIC,2026-07-21,25837.2109375,index,index points,2026-09-25T16:11:25.718717+09:00
orange_juice_futures,OJ=F,2026-07-21,143.8000030517578,USD,contract quote,2026-09-28T19:20:54.055386+09:00
rough_rice_futures,ZR=F,2026-07-21,14.210000038146973,USD,contract quote,2026-09-28T19:20:52.858801+09:00
soybean_futures,ZS=F,2026-07-21,1219.5,USD,contract quote,2026-09-28T19:20:52.576786+09:00
sp500,^GSPC,2026-07-21,7509.2001953125,index,index points,2026-09-25T16:11:25.406149+09:00
sugar_futures,SB=F,2026-07-21,14.880000114440918,USD,contract quote,2026-09-28T19:20:53.461510+09:00
usd_krw,KRW=X,2026-07-21,1475.010009765625,KRW,KRW per USD,2026-09-25T16:11:26.325227+09:00
wheat_futures,ZW=F,2026-07-21,678.0,USD,contract quote,2026-09-28T19:20:52.215695+09:00
coffee_futures,KC=F,2026-07-22,316.6499938964844,USD,contract quote,2026-09-28T19:20:53.177376+09:00
corn_futures,ZC=F,2026-07-22,462.0,USD,contract quote,2026-09-28T19:20:51.885079+09:00
cotton_futures,CT=F,2026-07-22,79.87000274658203,USD,contract quote,2026-09-28T19:20:53.767947+09:00
dow_jones,^DJI,2026-07-22,52218.578125,index,index points,2026-09-25T16:11:26.031225+09:00
kosdaq,^KQ11,2026-07-22,751.0900268554688,index,index points,2026-09-25T16:11:25.127243+09:00
kospi,^KS11,2026-07-22,6797.7001953125,index,index points,2026-09-25T16:11:24.851983+09:00
nasdaq,^IXIC,2026-07-22,25690.900390625,index,index points,2026-09-25T16:11:25.718717+09:00
orange_juice_futures,OJ=F,2026-07-22,150.3000030517578,USD,contract quote,2026-09-28T19:20:54.055386+09:00
rough_rice_futures,ZR=F,2026-07-22,14.305000305175781,USD,contract quote,2026-09-28T19:20:52.858801+09:00
soybean_futures,ZS=F,2026-07-22,1233.0,USD,contract quote,2026-09-28T19:20:52.576786+09:00
sp500,^GSPC,2026-07-22,7498.9599609375,index,index points,2026-09-25T16:11:25.406149+09:00
sugar_futures,SB=F,2026-07-22,14.739999771118164,USD,contract quote,2026-09-28T19:20:53.461510+09:00
usd_krw,KRW=X,2026-07-22,1479.719970703125,KRW,KRW per USD,2026-09-25T16:11:26.325227+09:00
wheat_futures,ZW=F,2026-07-22,705.75,USD,contract quote,2026-09-28T19:20:52.215695+09:00
coffee_futures,KC=F,2026-07-23,309.3999938964844,USD,contract quote,2026-09-28T19:20:53.177376+09:00
corn_futures,ZC=F,2026-07-23,464.0,USD,contract quote,2026-09-28T19:20:51.885079+09:00
cotton_futures,CT=F,2026-07-23,79.83999633789062,USD,contract quote,2026-09-28T19:20:53.767947+09:00
dow_jones,^DJI,2026-07-23,51711.6484375,index,index points,2026-09-25T16:11:26.031225+09:00
kosdaq,^KQ11,2026-07-23,790.280029296875,index,index points,2026-09-25T16:11:25.127243+09:00
kospi,^KS11,2026-07-23,7096.89013671875,index,index points,2026-09-25T16:11:24.851983+09:00
nasdaq,^IXIC,2026-07-23,25137.689453125,index,index points,2026-09-25T16:11:25.718717+09:00
orange_juice_futures,OJ=F,2026-07-23,146.8000030517578,USD,contract quote,2026-09-28T19:20:54.055386+09:00
rough_rice_futures,ZR=F,2026-07-23,14.130000114440918,USD,contract quote,2026-09-28T19:20:52.858801+09:00
soybean_futures,ZS=F,2026-07-23,1237.5,USD,contract quote,2026-09-28T19:20:52.576786+09:00
sp500,^GSPC,2026-07-23,7408.2998046875,index,index points,2026-09-25T16:11:25.406149+09:00
sugar_futures,SB=F,2026-07-23,14.6899995803833,USD,contract quote,2026-09-28T19:20:53.461510+09:00
usd_krw,KRW=X,2026-07-23,1475.6300048828125,KRW,KRW per USD,2026-09-25T16:11:26.325227+09:00
wheat_futures,ZW=F,2026-07-23,696.25,USD,contract quote,2026-09-28T19:20:52.215695+09:00
coffee_futures,KC=F,2026-07-24,313.79998779296875,USD,contract quote,2026-09-28T19:20:53.177376+09:00
corn_futures,ZC=F,2026-07-24,464.25,USD,contract quote,2026-09-28T19:20:51.885079+09:00
cotton_futures,CT=F,2026-07-24,78.55000305175781,USD,contract quote,2026-09-28T19:20:53.767947+09:00
dow_jones,^DJI,2026-07-24,51947.25,index,index points,2026-09-25T16:11:26.031225+09:00
kosdaq,^KQ11,2026-07-24,748.219970703125,index,index points,2026-09-25T16:11:25.127243+09:00
kospi,^KS11,2026-07-24,6690.6201171875,index,index points,2026-09-25T16:11:24.851983+09:00
nasdaq,^IXIC,2026-07-24,24975.8203125,index,index points,2026-09-25T16:11:25.718717+09:00
orange_juice_futures,OJ=F,2026-07-24,141.75,USD,contract quote,2026-09-28T19:20:54.055386+09:00
rough_rice_futures,ZR=F,2026-07-24,13.975000381469727,USD,contract quote,2026-09-28T19:20:52.858801+09:00
soybean_futures,ZS=F,2026-07-24,1248.0,USD,contract quote,2026-09-28T19:20:52.576786+09:00
sp500,^GSPC,2026-07-24,7411.97998046875,index,index points,2026-09-25T16:11:25.406149+09:00
sugar_futures,SB=F,2026-07-24,14.770000457763672,USD,contract quote,2026-09-28T19:20:53.461510+09:00
usd_krw,KRW=X,2026-07-24,1474.0400390625,KRW,KRW per USD,2026-09-25T16:11:26.325227+09:00
wheat_futures,ZW=F,2026-07-24,678.0,USD,contract quote,2026-09-28T19:20:52.215695+09:00
coffee_futures,KC=F,2026-07-27,324.54998779296875,USD,contract quote,2026-09-28T19:20:53.177376+09:00
corn_futures,ZC=F,2026-07-27,451.75,USD,contract quote,2026-09-28T19:20:51.885079+09:00
cotton_futures,CT=F,2026-07-27,79.33999633789062,USD,contract quote,2026-09-28T19:20:53.767947+09:00
dow_jones,^DJI,2026-07-27,52210.078125,index,index points,2026-09-25T16:11:26.031225+09:00
kosdaq,^KQ11,2026-07-27,764.8599853515625,index,index points,2026-09-25T16:11:25.127243+09:00
kospi,^KS11,2026-07-27,6755.75,index,index points,2026-09-25T16:11:24.851983+09:00
nasdaq,^IXIC,2026-07-27,24932.080078125,index,index points,2026-09-25T16:11:25.718717+09:00
orange_juice_futures,OJ=F,2026-07-27,141.4499969482422,USD,contract quote,2026-09-28T19:20:54.055386+09:00
rough_rice_futures,ZR=F,2026-07-27,13.645000457763672,USD,contract quote,2026-09-28T19:20:52.858801+09:00
soybean_futures,ZS=F,2026-07-27,1208.5,USD,contract quote,2026-09-28T19:20:52.576786+09:00
sp500,^GSPC,2026-07-27,7413.18017578125,index,index points,2026-09-25T16:11:25.406149+09:00
sugar_futures,SB=F,2026-07-27,14.579999923706055,USD,contract quote,2026-09-28T19:20:53.461510+09:00
usd_krw,KRW=X,2026-07-27,1458.010009765625,KRW,KRW per USD,2026-09-25T16:11:26.325227+09:00
wheat_futures,ZW=F,2026-07-27,660.0,USD,contract quote,2026-09-28T19:20:52.215695+09:00
coffee_futures,KC=F,2026-07-28,339.3999938964844,USD,contract quote,2026-09-28T19:20:53.177376+09:00
corn_futures,ZC=F,2026-07-28,458.5,USD,contract quote,2026-09-28T19:20:51.885079+09:00
cotton_futures,CT=F,2026-07-28,79.20999908447266,USD,contract quote,2026-09-28T19:20:53.767947+09:00
dow_jones,^DJI,2026-07-28,52747.3203125,index,index points,2026-09-25T16:11:26.031225+09:00
kosdaq,^KQ11,2026-07-28,705.8499755859375,index,index points,2026-09-25T16:11:25.127243+09:00
kospi,^KS11,2026-07-28,6023.66015625,index,index points,2026-09-25T16:11:24.851983+09:00
nasdaq,^IXIC,2026-07-28,24876.91015625,index,index points,2026-09-25T16:11:25.718717+09:00
orange_juice_futures,OJ=F,2026-07-28,136.85000610351562,USD,contract quote,2026-09-28T19:20:54.055386+09:00
rough_rice_futures,ZR=F,2026-07-28,13.65999984741211,USD,contract quote,2026-09-28T19:20:52.858801+09:00
soybean_futures,ZS=F,2026-07-28,1212.0,USD,contract quote,2026-09-28T19:20:52.576786+09:00
sp500,^GSPC,2026-07-28,7428.77978515625,index,index points,2026-09-25T16:11:25.406149+09:00
sugar_futures,SB=F,2026-07-28,14.550000190734863,USD,contract quote,2026-09-28T19:20:53.461510+09:00
usd_krw,KRW=X,2026-07-28,1464.43994140625,KRW,KRW per USD,2026-09-25T16:11:26.325227+09:00
wheat_futures,ZW=F,2026-07-28,662.5,USD,contract quote,2026-09-28T19:20:52.215695+09:00
coffee_futures,KC=F,2026-07-29,325.79998779296875,USD,contract quote,2026-09-28T19:20:53.177376+09:00
corn_futures,ZC=F,2026-07-29,449.0,USD,contract quote,2026-09-28T19:20:51.885079+09:00
cotton_futures,CT=F,2026-07-29,78.0199966430664,USD,contract quote,2026-09-28T19:20:53.767947+09:00
dow_jones,^DJI,2026-07-29,51594.140625,index,index points,2026-09-25T16:11:26.031225+09:00
kosdaq,^KQ11,2026-07-29,662.6799926757812,index,index points,2026-09-25T16:11:25.127243+09:00
kospi,^KS11,2026-07-29,5663.240234375,index,index points,2026-09-25T16:11:24.851983+09:00
nasdaq,^IXIC,2026-07-29,24442.939453125,index,index points,2026-09-25T16:11:25.718717+09:00
orange_juice_futures,OJ=F,2026-07-29,137.9499969482422,USD,contract quote,2026-09-28T19:20:54.055386+09:00
rough_rice_futures,ZR=F,2026-07-29,13.510000228881836,USD,contract quote,2026-09-28T19:20:52.858801+09:00
soybean_futures,ZS=F,2026-07-29,1178.0,USD,contract quote,2026-09-28T19:20:52.576786+09:00
sp500,^GSPC,2026-07-29,7316.14990234375,index,index points,2026-09-25T16:11:25.406149+09:00
sugar_futures,SB=F,2026-07-29,14.5,USD,contract quote,2026-09-28T19:20:53.461510+09:00
usd_krw,KRW=X,2026-07-29,1453.1600341796875,KRW,KRW per USD,2026-09-25T16:11:26.325227+09:00
wheat_futures,ZW=F,2026-07-29,660.75,USD,contract quote,2026-09-28T19:20:52.215695+09:00
coffee_futures,KC=F,2026-07-30,323.04998779296875,USD,contract quote,2026-09-28T19:20:53.177376+09:00
corn_futures,ZC=F,2026-07-30,445.75,USD,contract quote,2026-09-28T19:20:51.885079+09:00
cotton_futures,CT=F,2026-07-30,79.41000366210938,USD,contract quote,2026-09-28T19:20:53.767947+09:00
dow_jones,^DJI,2026-07-30,52208.05859375,index,index points,2026-09-25T16:11:26.031225+09:00
kosdaq,^KQ11,2026-07-30,644.780029296875,index,index points,2026-09-25T16:11:25.127243+09:00
kospi,^KS11,2026-07-30,5593.56005859375,index,index points,2026-09-25T16:11:24.851983+09:00
nasdaq,^IXIC,2026-07-30,25122.1796875,index,index points,2026-09-25T16:11:25.718717+09:00
orange_juice_futures,OJ=F,2026-07-30,146.0,USD,contract quote,2026-09-28T19:20:54.055386+09:00
rough_rice_futures,ZR=F,2026-07-30,13.765000343322754,USD,contract quote,2026-09-28T19:20:52.858801+09:00
soybean_futures,ZS=F,2026-07-30,1177.25,USD,contract quote,2026-09-28T19:20:52.576786+09:00
sp500,^GSPC,2026-07-30,7437.6298828125,index,index points,2026-09-25T16:11:25.406149+09:00
sugar_futures,SB=F,2026-07-30,14.430000305175781,USD,contract quote,2026-09-28T19:20:53.461510+09:00
usd_krw,KRW=X,2026-07-30,1442.280029296875,KRW,KRW per USD,2026-09-25T16:11:26.325227+09:00
wheat_futures,ZW=F,2026-07-30,663.5,USD,contract quote,2026-09-28T19:20:52.215695+09:00
coffee_futures,KC=F,2026-07-31,332.1000061035156,USD,contract quote,2026-09-28T19:20:53.177376+09:00
corn_futures,ZC=F,2026-07-31,440.75,USD,contract quote,2026-09-28T19:20:51.885079+09:00
cotton_futures,CT=F,2026-07-31,80.5,USD,contract quote,2026-09-28T19:20:53.767947+09:00
dow_jones,^DJI,2026-07-31,52485.03125,index,index points,2026-09-25T16:11:26.031225+09:00
kosdaq,^KQ11,2026-07-31,719.760009765625,index,index points,2026-09-25T16:11:25.127243+09:00
kospi,^KS11,2026-07-31,6595.4501953125,index,index points,2026-09-25T16:11:24.851983+09:00
nasdaq,^IXIC,2026-07-31,25373.849609375,index,index points,2026-09-25T16:11:25.718717+09:00
orange_juice_futures,OJ=F,2026-07-31,154.9499969482422,USD,contract quote,2026-09-28T19:20:54.055386+09:00
rough_rice_futures,ZR=F,2026-07-31,13.960000038146973,USD,contract quote,2026-09-28T19:20:52.858801+09:00
soybean_futures,ZS=F,2026-07-31,1172.0,USD,contract quote,2026-09-28T19:20:52.576786+09:00
sp500,^GSPC,2026-07-31,7489.72021484375,index,index points,2026-09-25T16:11:25.406149+09:00
sugar_futures,SB=F,2026-07-31,14.65999984741211,USD,contract quote,2026-09-28T19:20:53.461510+09:00
usd_krw,KRW=X,2026-07-31,1420.5999755859375,KRW,KRW per USD,2026-09-25T16:11:26.325227+09:00
wheat_futures,ZW=F,2026-07-31,639.25,USD,contract quote,2026-09-28T19:20:52.215695+09:00
coffee_futures,KC=F,2026-08-03,319.5,USD,contract quote,2026-09-28T19:20:53.177376+09:00
corn_futures,ZC=F,2026-08-03,449.25,USD,contract quote,2026-09-28T19:20:51.885079+09:00
cotton_futures,CT=F,2026-08-03,81.3499984741211,USD,contract quote,2026-09-28T19:20:53.767947+09:00
dow_jones,^DJI,2026-08-03,53178.41015625,index,index points,2026-09-25T16:11:26.031225+09:00
kosdaq,^KQ11,2026-08-03,737.3499755859375,index,index points,2026-09-25T16:11:25.127243+09:00
kospi,^KS11,2026-08-03,6257.4501953125,index,index points,2026-09-25T16:11:24.851983+09:00
nasdaq,^IXIC,2026-08-03,25913.900390625,index,index points,2026-09-25T16:11:25.718717+09:00
orange_juice_futures,OJ=F,2026-08-03,158.35000610351562,USD,contract quote,2026-09-28T19:20:54.055386+09:00
rough_rice_futures,ZR=F,2026-08-03,14.175000190734863,USD,contract quote,2026-09-28T19:20:52.858801+09:00
soybean_futures,ZS=F,2026-08-03,1168.75,USD,contract quote,2026-09-28T19:20:52.576786+09:00
sp500,^GSPC,2026-08-03,7600.5,index,index points,2026-09-25T16:11:25.406149+09:00
sugar_futures,SB=F,2026-08-03,15.010000228881836,USD,contract quote,2026-09-28T19:20:53.461510+09:00
usd_krw,KRW=X,2026-08-03,1435.699951171875,KRW,KRW per USD,2026-09-25T16:11:26.325227+09:00
wheat_futures,ZW=F,2026-08-03,651.0,USD,contract quote,2026-09-28T19:20:52.215695+09:00
coffee_futures,KC=F,2026-08-04,324.1000061035156,USD,contract quote,2026-09-28T19:20:53.177376+09:00
corn_futures,ZC=F,2026-08-04,442.25,USD,contract quote,2026-09-28T19:20:51.885079+09:00
cotton_futures,CT=F,2026-08-04,81.12999725341797,USD,contract quote,2026-09-28T19:20:53.767947+09:00
dow_jones,^DJI,2026-08-04,54085.87890625,index,index points,2026-09-25T16:11:26.031225+09:00
kosdaq,^KQ11,2026-08-04,780.719970703125,index,index points,2026-09-25T16:11:25.127243+09:00
kospi,^KS11,2026-08-04,6358.9501953125,index,index points,2026-09-25T16:11:24.851983+09:00
nasdaq,^IXIC,2026-08-04,26584.990234375,index,index points,2026-09-25T16:11:25.718717+09:00
orange_juice_futures,OJ=F,2026-08-04,159.6999969482422,USD,contract quote,2026-09-28T19:20:54.055386+09:00
rough_rice_futures,ZR=F,2026-08-04,13.96500015258789,USD,contract quote,2026-09-28T19:20:52.858801+09:00
soybean_futures,ZS=F,2026-08-04,1155.0,USD,contract quote,2026-09-28T19:20:52.576786+09:00
sp500,^GSPC,2026-08-04,7736.52001953125,index,index points,2026-09-25T16:11:25.406149+09:00
sugar_futures,SB=F,2026-08-04,15.039999961853027,USD,contract quote,2026-09-28T19:20:53.461510+09:00
usd_krw,KRW=X,2026-08-04,1428.5,KRW,KRW per USD,2026-09-25T16:11:26.325227+09:00
wheat_futures,ZW=F,2026-08-04,638.5,USD,contract quote,2026-09-28T19:20:52.215695+09:00
coffee_futures,KC=F,2026-08-05,326.8999938964844,USD,contract quote,2026-09-28T19:20:53.177376+09:00
corn_futures,ZC=F,2026-08-05,436.75,USD,contract quote,2026-09-28T19:20:51.885079+09:00
cotton_futures,CT=F,2026-08-05,81.83999633789062,USD,contract quote,2026-09-28T19:20:53.767947+09:00
dow_jones,^DJI,2026-08-05,54349.12109375,index,index points,2026-09-25T16:11:26.031225+09:00
kosdaq,^KQ11,2026-08-05,799.5900268554688,index,index points,2026-09-25T16:11:25.127243+09:00
kospi,^KS11,2026-08-05,6598.259765625,index,index points,2026-09-25T16:11:24.851983+09:00
nasdaq,^IXIC,2026-08-05,26363.439453125,index,index points,2026-09-25T16:11:25.718717+09:00
orange_juice_futures,OJ=F,2026-08-05,157.6999969482422,USD,contract quote,2026-09-28T19:20:54.055386+09:00
rough_rice_futures,ZR=F,2026-08-05,14.055000305175781,USD,contract quote,2026-09-28T19:20:52.858801+09:00
soybean_futures,ZS=F,2026-08-05,1151.5,USD,contract quote,2026-09-28T19:20:52.576786+09:00
sp500,^GSPC,2026-08-05,7723.5498046875,index,index points,2026-09-25T16:11:25.406149+09:00
sugar_futures,SB=F,2026-08-05,15.149999618530273,USD,contract quote,2026-09-28T19:20:53.461510+09:00
usd_krw,KRW=X,2026-08-05,1428.4300537109375,KRW,KRW per USD,2026-09-25T16:11:26.325227+09:00
wheat_futures,ZW=F,2026-08-05,642.25,USD,contract quote,2026-09-28T19:20:52.215695+09:00
coffee_futures,KC=F,2026-08-06,321.6499938964844,USD,contract quote,2026-09-28T19:20:53.177376+09:00
corn_futures,ZC=F,2026-08-06,439.0,USD,contract quote,2026-09-28T19:20:51.885079+09:00
cotton_futures,CT=F,2026-08-06,81.95999908447266,USD,contract quote,2026-09-28T19:20:53.767947+09:00
dow_jones,^DJI,2026-08-06,53885.1015625,index,index points,2026-09-25T16:11:26.031225+09:00
kosdaq,^KQ11,2026-08-06,801.6699829101562,index,index points,2026-09-25T16:11:25.127243+09:00
kospi,^KS11,2026-08-06,6296.3798828125,index,index points,2026-09-25T16:11:24.851983+09:00
nasdaq,^IXIC,2026-08-06,26348.349609375,index,index points,2026-09-25T16:11:25.718717+09:00
orange_juice_futures,OJ=F,2026-08-06,151.39999389648438,USD,contract quote,2026-09-28T19:20:54.055386+09:00
rough_rice_futures,ZR=F,2026-08-06,14.1850004196167,USD,contract quote,2026-09-28T19:20:52.858801+09:00
soybean_futures,ZS=F,2026-08-06,1157.25,USD,contract quote,2026-09-28T19:20:52.576786+09:00
sp500,^GSPC,2026-08-06,7709.9599609375,index,index points,2026-09-25T16:11:25.406149+09:00
sugar_futures,SB=F,2026-08-06,15.569999694824219,USD,contract quote,2026-09-28T19:20:53.461510+09:00
usd_krw,KRW=X,2026-08-06,1421.1600341796875,KRW,KRW per USD,2026-09-25T16:11:26.325227+09:00
wheat_futures,ZW=F,2026-08-06,631.25,USD,contract quote,2026-09-28T19:20:52.215695+09:00
coffee_futures,KC=F,2026-08-07,335.54998779296875,USD,contract quote,2026-09-28T19:20:53.177376+09:00
corn_futures,ZC=F,2026-08-07,439.0,USD,contract quote,2026-09-28T19:20:51.885079+09:00
cotton_futures,CT=F,2026-08-07,83.22000122070312,USD,contract quote,2026-09-28T19:20:53.767947+09:00
dow_jones,^DJI,2026-08-07,54036.9296875,index,index points,2026-09-25T16:11:26.031225+09:00
kosdaq,^KQ11,2026-08-07,798.8099975585938,index,index points,2026-09-25T16:11:25.127243+09:00
kospi,^KS11,2026-08-07,6258.77001953125,index,index points,2026-09-25T16:11:24.851983+09:00
nasdaq,^IXIC,2026-08-07,26690.619140625,index,index points,2026-09-25T16:11:25.718717+09:00
orange_juice_futures,OJ=F,2026-08-07,142.5500030517578,USD,contract quote,2026-09-28T19:20:54.055386+09:00
rough_rice_futures,ZR=F,2026-08-07,14.229999542236328,USD,contract quote,2026-09-28T19:20:52.858801+09:00
soybean_futures,ZS=F,2026-08-07,1156.5,USD,contract quote,2026-09-28T19:20:52.576786+09:00
sp500,^GSPC,2026-08-07,7757.64013671875,index,index points,2026-09-25T16:11:25.406149+09:00
sugar_futures,SB=F,2026-08-07,16.450000762939453,USD,contract quote,2026-09-28T19:20:53.461510+09:00
usd_krw,KRW=X,2026-08-07,1422.300048828125,KRW,KRW per USD,2026-09-25T16:11:26.325227+09:00
wheat_futures,ZW=F,2026-08-07,639.75,USD,contract quote,2026-09-28T19:20:52.215695+09:00
coffee_futures,KC=F,2026-08-10,332.29998779296875,USD,contract quote,2026-09-28T19:20:53.177376+09:00
corn_futures,ZC=F,2026-08-10,438.25,USD,contract quote,2026-09-28T19:20:51.885079+09:00
cotton_futures,CT=F,2026-08-10,82.72000122070312,USD,contract quote,2026-09-28T19:20:53.767947+09:00
dow_jones,^DJI,2026-08-10,53975.98046875,index,index points,2026-09-25T16:11:26.031225+09:00
kosdaq,^KQ11,2026-08-10,854.469970703125,index,index points,2026-09-25T16:11:25.127243+09:00
kospi,^KS11,2026-08-10,6299.66015625,index,index points,2026-09-25T16:11:24.851983+09:00
nasdaq,^IXIC,2026-08-10,26605.359375,index,index points,2026-09-25T16:11:25.718717+09:00
orange_juice_futures,OJ=F,2026-08-10,141.85000610351562,USD,contract quote,2026-09-28T19:20:54.055386+09:00
rough_rice_futures,ZR=F,2026-08-10,14.024999618530273,USD,contract quote,2026-09-28T19:20:52.858801+09:00
soybean_futures,ZS=F,2026-08-10,1157.75,USD,contract quote,2026-09-28T19:20:52.576786+09:00
sp500,^GSPC,2026-08-10,7753.10986328125,index,index points,2026-09-25T16:11:25.406149+09:00
sugar_futures,SB=F,2026-08-10,16.469999313354492,USD,contract quote,2026-09-28T19:20:53.461510+09:00
usd_krw,KRW=X,2026-08-10,1407.0,KRW,KRW per USD,2026-09-25T16:11:26.325227+09:00
wheat_futures,ZW=F,2026-08-10,640.5,USD,contract quote,2026-09-28T19:20:52.215695+09:00
coffee_futures,KC=F,2026-08-11,335.75,USD,contract quote,2026-09-28T19:20:53.177376+09:00
corn_futures,ZC=F,2026-08-11,436.75,USD,contract quote,2026-09-28T19:20:51.885079+09:00
cotton_futures,CT=F,2026-08-11,83.08999633789062,USD,contract quote,2026-09-28T19:20:53.767947+09:00
dow_jones,^DJI,2026-08-11,53791.8515625,index,index points,2026-09-25T16:11:26.031225+09:00
kosdaq,^KQ11,2026-08-11,857.8400268554688,index,index points,2026-09-25T16:11:25.127243+09:00
kospi,^KS11,2026-08-11,6345.52978515625,index,index points,2026-09-25T16:11:24.851983+09:00
nasdaq,^IXIC,2026-08-11,26445.44921875,index,index points,2026-09-25T16:11:25.718717+09:00
orange_juice_futures,OJ=F,2026-08-11,139.1999969482422,USD,contract quote,2026-09-28T19:20:54.055386+09:00
rough_rice_futures,ZR=F,2026-08-11,13.920000076293945,USD,contract quote,2026-09-28T19:20:52.858801+09:00
soybean_futures,ZS=F,2026-08-11,1147.5,USD,contract quote,2026-09-28T19:20:52.576786+09:00
sp500,^GSPC,2026-08-11,7728.2001953125,index,index points,2026-09-25T16:11:25.406149+09:00
sugar_futures,SB=F,2026-08-11,16.729999542236328,USD,contract quote,2026-09-28T19:20:53.461510+09:00
usd_krw,KRW=X,2026-08-11,1417.31005859375,KRW,KRW per USD,2026-09-25T16:11:26.325227+09:00
wheat_futures,ZW=F,2026-08-11,630.25,USD,contract quote,2026-09-28T19:20:52.215695+09:00
coffee_futures,KC=F,2026-08-12,340.1000061035156,USD,contract quote,2026-09-28T19:20:53.177376+09:00
corn_futures,ZC=F,2026-08-12,457.0,USD,contract quote,2026-09-28T19:20:51.885079+09:00
cotton_futures,CT=F,2026-08-12,83.20999908447266,USD,contract quote,2026-09-28T19:20:53.767947+09:00
dow_jones,^DJI,2026-08-12,53770.26953125,index,index points,2026-09-25T16:11:26.031225+09:00
kosdaq,^KQ11,2026-08-12,858.9099731445312,index,index points,2026-09-25T16:11:25.127243+09:00
kospi,^KS11,2026-08-12,6579.0400390625,index,index points,2026-09-25T16:11:24.851983+09:00
nasdaq,^IXIC,2026-08-12,26588.490234375,index,index points,2026-09-25T16:11:25.718717+09:00
orange_juice_futures,OJ=F,2026-08-12,138.25,USD,contract quote,2026-09-28T19:20:54.055386+09:00
rough_rice_futures,ZR=F,2026-08-12,13.914999961853027,USD,contract quote,2026-09-28T19:20:52.858801+09:00
soybean_futures,ZS=F,2026-08-12,1164.75,USD,contract quote,2026-09-28T19:20:52.576786+09:00
sp500,^GSPC,2026-08-12,7748.5,index,index points,2026-09-25T16:11:25.406149+09:00
sugar_futures,SB=F,2026-08-12,16.420000076293945,USD,contract quote,2026-09-28T19:20:53.461510+09:00
usd_krw,KRW=X,2026-08-12,1412.1800537109375,KRW,KRW per USD,2026-09-25T16:11:26.325227+09:00
wheat_futures,ZW=F,2026-08-12,652.75,USD,contract quote,2026-09-28T19:20:52.215695+09:00
coffee_futures,KC=F,2026-08-13,333.1000061035156,USD,contract quote,2026-09-28T19:20:53.177376+09:00
corn_futures,ZC=F,2026-08-13,448.0,USD,contract quote,2026-09-28T19:20:51.885079+09:00
cotton_futures,CT=F,2026-08-13,82.36000061035156,USD,contract quote,2026-09-28T19:20:53.767947+09:00
dow_jones,^DJI,2026-08-13,53839.98828125,index,index points,2026-09-25T16:11:26.031225+09:00
kosdaq,^KQ11,2026-08-13,861.3699951171875,index,index points,2026-09-25T16:11:25.127243+09:00
kospi,^KS11,2026-08-13,6813.33984375,index,index points,2026-09-25T16:11:24.851983+09:00
nasdaq,^IXIC,2026-08-13,26803.029296875,index,index points,2026-09-25T16:11:25.718717+09:00
orange_juice_futures,OJ=F,2026-08-13,139.5500030517578,USD,contract quote,2026-09-28T19:20:54.055386+09:00
rough_rice_futures,ZR=F,2026-08-13,14.194999694824219,USD,contract quote,2026-09-28T19:20:52.858801+09:00
soybean_futures,ZS=F,2026-08-13,1168.25,USD,contract quote,2026-09-28T19:20:52.576786+09:00
sp500,^GSPC,2026-08-13,7798.990234375,index,index points,2026-09-25T16:11:25.406149+09:00
sugar_futures,SB=F,2026-08-13,16.81999969482422,USD,contract quote,2026-09-28T19:20:53.461510+09:00
usd_krw,KRW=X,2026-08-13,1416.4599609375,KRW,KRW per USD,2026-09-25T16:11:26.325227+09:00
wheat_futures,ZW=F,2026-08-13,652.75,USD,contract quote,2026-09-28T19:20:52.215695+09:00
coffee_futures,KC=F,2026-08-14,338.1000061035156,USD,contract quote,2026-09-28T19:20:53.177376+09:00
corn_futures,ZC=F,2026-08-14,459.0,USD,contract quote,2026-09-28T19:20:51.885079+09:00
cotton_futures,CT=F,2026-08-14,83.5999984741211,USD,contract quote,2026-09-28T19:20:53.767947+09:00
dow_jones,^DJI,2026-08-14,53732.41015625,index,index points,2026-09-25T16:11:26.031225+09:00
kosdaq,^KQ11,2026-08-14,864.6500244140625,index,index points,2026-09-25T16:11:25.127243+09:00
kospi,^KS11,2026-08-14,6977.93994140625,index,index points,2026-09-25T16:11:24.851983+09:00
nasdaq,^IXIC,2026-08-14,26729.16015625,index,index points,2026-09-25T16:11:25.718717+09:00
orange_juice_futures,OJ=F,2026-08-14,145.0500030517578,USD,contract quote,2026-09-28T19:20:54.055386+09:00
rough_rice_futures,ZR=F,2026-08-14,13.979999542236328,USD,contract quote,2026-09-28T19:20:52.858801+09:00
soybean_futures,ZS=F,2026-08-14,1173.75,USD,contract quote,2026-09-28T19:20:52.576786+09:00
sp500,^GSPC,2026-08-14,7785.759765625,index,index points,2026-09-25T16:11:25.406149+09:00
sugar_futures,SB=F,2026-08-14,16.600000381469727,USD,contract quote,2026-09-28T19:20:53.461510+09:00
usd_krw,KRW=X,2026-08-14,1416.8499755859375,KRW,KRW per USD,2026-09-25T16:11:26.325227+09:00
wheat_futures,ZW=F,2026-08-14,674.75,USD,contract quote,2026-09-28T19:20:52.215695+09:00
coffee_futures,KC=F,2026-08-17,345.1000061035156,USD,contract quote,2026-09-28T19:20:53.177376+09:00
corn_futures,ZC=F,2026-08-17,465.0,USD,contract quote,2026-09-28T19:20:51.885079+09:00
cotton_futures,CT=F,2026-08-17,84.06999969482422,USD,contract quote,2026-09-28T19:20:53.767947+09:00
dow_jones,^DJI,2026-08-17,53459.78125,index,index points,2026-09-25T16:11:26.031225+09:00
nasdaq,^IXIC,2026-08-17,26644.91015625,index,index points,2026-09-25T16:11:25.718717+09:00
orange_juice_futures,OJ=F,2026-08-17,146.8000030517578,USD,contract quote,2026-09-28T19:20:54.055386+09:00
rough_rice_futures,ZR=F,2026-08-17,14.175000190734863,USD,contract quote,2026-09-28T19:20:52.858801+09:00
soybean_futures,ZS=F,2026-08-17,1201.0,USD,contract quote,2026-09-28T19:20:52.576786+09:00
sp500,^GSPC,2026-08-17,7745.06005859375,index,index points,2026-09-25T16:11:25.406149+09:00
sugar_futures,SB=F,2026-08-17,16.8700008392334,USD,contract quote,2026-09-28T19:20:53.461510+09:00
usd_krw,KRW=X,2026-08-17,1415.3699951171875,KRW,KRW per USD,2026-09-25T16:11:26.325227+09:00
wheat_futures,ZW=F,2026-08-17,674.75,USD,contract quote,2026-09-28T19:20:52.215695+09:00
coffee_futures,KC=F,2026-08-18,363.3999938964844,USD,contract quote,2026-09-28T19:20:53.177376+09:00
corn_futures,ZC=F,2026-08-18,463.25,USD,contract quote,2026-09-28T19:20:51.885079+09:00
cotton_futures,CT=F,2026-08-18,84.12000274658203,USD,contract quote,2026-09-28T19:20:53.767947+09:00
dow_jones,^DJI,2026-08-18,53343.3984375,index,index points,2026-09-25T16:11:26.031225+09:00
kosdaq,^KQ11,2026-08-18,834.2000122070312,index,index points,2026-09-25T16:11:25.127243+09:00
kospi,^KS11,2026-08-18,6869.830078125,index,index points,2026-09-25T16:11:24.851983+09:00
nasdaq,^IXIC,2026-08-18,26289.7109375,index,index points,2026-09-25T16:11:25.718717+09:00
orange_juice_futures,OJ=F,2026-08-18,146.89999389648438,USD,contract quote,2026-09-28T19:20:54.055386+09:00
rough_rice_futures,ZR=F,2026-08-18,14.244999885559082,USD,contract quote,2026-09-28T19:20:52.858801+09:00
soybean_futures,ZS=F,2026-08-18,1200.75,USD,contract quote,2026-09-28T19:20:52.576786+09:00
sp500,^GSPC,2026-08-18,7691.759765625,index,index points,2026-09-25T16:11:25.406149+09:00
sugar_futures,SB=F,2026-08-18,17.469999313354492,USD,contract quote,2026-09-28T19:20:53.461510+09:00
usd_krw,KRW=X,2026-08-18,1414.72998046875,KRW,KRW per USD,2026-09-25T16:11:26.325227+09:00
wheat_futures,ZW=F,2026-08-18,664.5,USD,contract quote,2026-09-28T19:20:52.215695+09:00
coffee_futures,KC=F,2026-08-19,359.5,USD,contract quote,2026-09-28T19:20:53.177376+09:00
corn_futures,ZC=F,2026-08-19,473.0,USD,contract quote,2026-09-28T19:20:51.885079+09:00
cotton_futures,CT=F,2026-08-19,87.0,USD,contract quote,2026-09-28T19:20:53.767947+09:00
dow_jones,^DJI,2026-08-19,53463.05078125,index,index points,2026-09-25T16:11:26.031225+09:00
kosdaq,^KQ11,2026-08-19,824.4600219726562,index,index points,2026-09-25T16:11:25.127243+09:00
kospi,^KS11,2026-08-19,6471.169921875,index,index points,2026-09-25T16:11:24.851983+09:00
nasdaq,^IXIC,2026-08-19,26331.08984375,index,index points,2026-09-25T16:11:25.718717+09:00
orange_juice_futures,OJ=F,2026-08-19,147.10000610351562,USD,contract quote,2026-09-28T19:20:54.055386+09:00
rough_rice_futures,ZR=F,2026-08-19,14.239999771118164,USD,contract quote,2026-09-28T19:20:52.858801+09:00
soybean_futures,ZS=F,2026-08-19,1222.25,USD,contract quote,2026-09-28T19:20:52.576786+09:00
sp500,^GSPC,2026-08-19,7707.97998046875,index,index points,2026-09-25T16:11:25.406149+09:00
sugar_futures,SB=F,2026-08-19,17.549999237060547,USD,contract quote,2026-09-28T19:20:53.461510+09:00
usd_krw,KRW=X,2026-08-19,1413.5799560546875,KRW,KRW per USD,2026-09-25T16:11:26.325227+09:00
wheat_futures,ZW=F,2026-08-19,680.25,USD,contract quote,2026-09-28T19:20:52.215695+09:00
coffee_futures,KC=F,2026-08-20,363.6000061035156,USD,contract quote,2026-09-28T19:20:53.177376+09:00
corn_futures,ZC=F,2026-08-20,478.75,USD,contract quote,2026-09-28T19:20:51.885079+09:00
cotton_futures,CT=F,2026-08-20,87.0199966430664,USD,contract quote,2026-09-28T19:20:53.767947+09:00
dow_jones,^DJI,2026-08-20,52759.2109375,index,index points,2026-09-25T16:11:26.031225+09:00
kosdaq,^KQ11,2026-08-20,840.8900146484375,index,index points,2026-09-25T16:11:25.127243+09:00
kospi,^KS11,2026-08-20,6852.580078125,index,index points,2026-09-25T16:11:24.851983+09:00
nasdaq,^IXIC,2026-08-20,26067.169921875,index,index points,2026-09-25T16:11:25.718717+09:00
orange_juice_futures,OJ=F,2026-08-20,151.8000030517578,USD,contract quote,2026-09-28T19:20:54.055386+09:00
rough_rice_futures,ZR=F,2026-08-20,14.140000343322754,USD,contract quote,2026-09-28T19:20:52.858801+09:00
soybean_futures,ZS=F,2026-08-20,1220.75,USD,contract quote,2026-09-28T19:20:52.576786+09:00
sp500,^GSPC,2026-08-20,7641.16015625,index,index points,2026-09-25T16:11:25.406149+09:00
sugar_futures,SB=F,2026-08-20,17.520000457763672,USD,contract quote,2026-09-28T19:20:53.461510+09:00
usd_krw,KRW=X,2026-08-20,1389.4000244140625,KRW,KRW per USD,2026-09-25T16:11:26.325227+09:00
wheat_futures,ZW=F,2026-08-20,682.75,USD,contract quote,2026-09-28T19:20:52.215695+09:00
coffee_futures,KC=F,2026-08-21,358.75,USD,contract quote,2026-09-28T19:20:53.177376+09:00
corn_futures,ZC=F,2026-08-21,483.75,USD,contract quote,2026-09-28T19:20:51.885079+09:00
cotton_futures,CT=F,2026-08-21,87.06999969482422,USD,contract quote,2026-09-28T19:20:53.767947+09:00
dow_jones,^DJI,2026-08-21,53277.01171875,index,index points,2026-09-25T16:11:26.031225+09:00
kosdaq,^KQ11,2026-08-21,801.9400024414062,index,index points,2026-09-25T16:11:25.127243+09:00
kospi,^KS11,2026-08-21,6912.9501953125,index,index points,2026-09-25T16:11:24.851983+09:00
nasdaq,^IXIC,2026-08-21,26180.4609375,index,index points,2026-09-25T16:11:25.718717+09:00
orange_juice_futures,OJ=F,2026-08-21,150.8000030517578,USD,contract quote,2026-09-28T19:20:54.055386+09:00
rough_rice_futures,ZR=F,2026-08-21,14.694999694824219,USD,contract quote,2026-09-28T19:20:52.858801+09:00
soybean_futures,ZS=F,2026-08-21,1225.0,USD,contract quote,2026-09-28T19:20:52.576786+09:00
sp500,^GSPC,2026-08-21,7674.3701171875,index,index points,2026-09-25T16:11:25.406149+09:00
sugar_futures,SB=F,2026-08-21,17.610000610351562,USD,contract quote,2026-09-28T19:20:53.461510+09:00
usd_krw,KRW=X,2026-08-21,1390.7900390625,KRW,KRW per USD,2026-09-25T16:11:26.325227+09:00
wheat_futures,ZW=F,2026-08-21,681.5,USD,contract quote,2026-09-28T19:20:52.215695+09:00
coffee_futures,KC=F,2026-08-24,377.75,USD,contract quote,2026-09-28T19:20:53.177376+09:00
corn_futures,ZC=F,2026-08-24,491.5,USD,contract quote,2026-09-28T19:20:51.885079+09:00
cotton_futures,CT=F,2026-08-24,87.4800033569336,USD,contract quote,2026-09-28T19:20:53.767947+09:00
dow_jones,^DJI,2026-08-24,53417.16015625,index,index points,2026-09-25T16:11:26.031225+09:00
kosdaq,^KQ11,2026-08-24,813.3300170898438,index,index points,2026-09-25T16:11:25.127243+09:00
kospi,^KS11,2026-08-24,6696.9599609375,index,index points,2026-09-25T16:11:24.851983+09:00
nasdaq,^IXIC,2026-08-24,25980.189453125,index,index points,2026-09-25T16:11:25.718717+09:00
orange_juice_futures,OJ=F,2026-08-24,155.89999389648438,USD,contract quote,2026-09-28T19:20:54.055386+09:00
rough_rice_futures,ZR=F,2026-08-24,14.550000190734863,USD,contract quote,2026-09-28T19:20:52.858801+09:00
soybean_futures,ZS=F,2026-08-24,1216.0,USD,contract quote,2026-09-28T19:20:52.576786+09:00
sp500,^GSPC,2026-08-24,7652.85986328125,index,index points,2026-09-25T16:11:25.406149+09:00
sugar_futures,SB=F,2026-08-24,17.649999618530273,USD,contract quote,2026-09-28T19:20:53.461510+09:00
usd_krw,KRW=X,2026-08-24,1384.97998046875,KRW,KRW per USD,2026-09-25T16:11:26.325227+09:00
wheat_futures,ZW=F,2026-08-24,681.75,USD,contract quote,2026-09-28T19:20:52.215695+09:00
coffee_futures,KC=F,2026-08-25,371.3999938964844,USD,contract quote,2026-09-28T19:20:53.177376+09:00
corn_futures,ZC=F,2026-08-25,500.5,USD,contract quote,2026-09-28T19:20:51.885079+09:00
cotton_futures,CT=F,2026-08-25,87.08000183105469,USD,contract quote,2026-09-28T19:20:53.767947+09:00
dow_jones,^DJI,2026-08-25,53577.3984375,index,index points,2026-09-25T16:11:26.031225+09:00
kosdaq,^KQ11,2026-08-25,827.1500244140625,index,index points,2026-09-25T16:11:25.127243+09:00
kospi,^KS11,2026-08-25,6742.740234375,index,index points,2026-09-25T16:11:24.851983+09:00
nasdaq,^IXIC,2026-08-25,26151.30078125,index,index points,2026-09-25T16:11:25.718717+09:00
orange_juice_futures,OJ=F,2026-08-25,150.9499969482422,USD,contract quote,2026-09-28T19:20:54.055386+09:00
rough_rice_futures,ZR=F,2026-08-25,14.390000343322754,USD,contract quote,2026-09-28T19:20:52.858801+09:00
soybean_futures,ZS=F,2026-08-25,1228.0,USD,contract quote,2026-09-28T19:20:52.576786+09:00
sp500,^GSPC,2026-08-25,7677.27978515625,index,index points,2026-09-25T16:11:25.406149+09:00
sugar_futures,SB=F,2026-08-25,17.270000457763672,USD,contract quote,2026-09-28T19:20:53.461510+09:00
usd_krw,KRW=X,2026-08-25,1380.760009765625,KRW,KRW per USD,2026-09-25T16:11:26.325227+09:00
wheat_futures,ZW=F,2026-08-25,685.5,USD,contract quote,2026-09-28T19:20:52.215695+09:00
coffee_futures,KC=F,2026-08-26,357.6000061035156,USD,contract quote,2026-09-28T19:20:53.177376+09:00
corn_futures,ZC=F,2026-08-26,514.0,USD,contract quote,2026-09-28T19:20:51.885079+09:00
cotton_futures,CT=F,2026-08-26,87.7699966430664,USD,contract quote,2026-09-28T19:20:53.767947+09:00
dow_jones,^DJI,2026-08-26,53463.87890625,index,index points,2026-09-25T16:11:26.031225+09:00
kosdaq,^KQ11,2026-08-26,826.8699951171875,index,index points,2026-09-25T16:11:25.127243+09:00
kospi,^KS11,2026-08-26,6808.2099609375,index,index points,2026-09-25T16:11:24.851983+09:00
nasdaq,^IXIC,2026-08-26,26130.19921875,index,index points,2026-09-25T16:11:25.718717+09:00
orange_juice_futures,OJ=F,2026-08-26,140.9499969482422,USD,contract quote,2026-09-28T19:20:54.055386+09:00
rough_rice_futures,ZR=F,2026-08-26,14.835000038146973,USD,contract quote,2026-09-28T19:20:52.858801+09:00
soybean_futures,ZS=F,2026-08-26,1254.25,USD,contract quote,2026-09-28T19:20:52.576786+09:00
sp500,^GSPC,2026-08-26,7675.7001953125,index,index points,2026-09-25T16:11:25.406149+09:00
sugar_futures,SB=F,2026-08-26,17.59000015258789,USD,contract quote,2026-09-28T19:20:53.461510+09:00
usd_krw,KRW=X,2026-08-26,1381.489990234375,KRW,KRW per USD,2026-09-25T16:11:26.325227+09:00
wheat_futures,ZW=F,2026-08-26,730.5,USD,contract quote,2026-09-28T19:20:52.215695+09:00
coffee_futures,KC=F,2026-08-27,341.8999938964844,USD,contract quote,2026-09-28T19:20:53.177376+09:00
corn_futures,ZC=F,2026-08-27,510.25,USD,contract quote,2026-09-28T19:20:51.885079+09:00
cotton_futures,CT=F,2026-08-27,91.05999755859375,USD,contract quote,2026-09-28T19:20:53.767947+09:00
dow_jones,^DJI,2026-08-27,53569.44140625,index,index points,2026-09-25T16:11:26.031225+09:00
kosdaq,^KQ11,2026-08-27,837.6500244140625,index,index points,2026-09-25T16:11:25.127243+09:00
kospi,^KS11,2026-08-27,6912.3701171875,index,index points,2026-09-25T16:11:24.851983+09:00
nasdaq,^IXIC,2026-08-27,26541.349609375,index,index points,2026-09-25T16:11:25.718717+09:00
orange_juice_futures,OJ=F,2026-08-27,137.35000610351562,USD,contract quote,2026-09-28T19:20:54.055386+09:00
rough_rice_futures,ZR=F,2026-08-27,14.845000267028809,USD,contract quote,2026-09-28T19:20:52.858801+09:00
soybean_futures,ZS=F,2026-08-27,1256.5,USD,contract quote,2026-09-28T19:20:52.576786+09:00
sp500,^GSPC,2026-08-27,7730.990234375,index,index points,2026-09-25T16:11:25.406149+09:00
sugar_futures,SB=F,2026-08-27,18.190000534057617,USD,contract quote,2026-09-28T19:20:53.461510+09:00
usd_krw,KRW=X,2026-08-27,1383.489990234375,KRW,KRW per USD,2026-09-25T16:11:26.325227+09:00
wheat_futures,ZW=F,2026-08-27,742.75,USD,contract quote,2026-09-28T19:20:52.215695+09:00
coffee_futures,KC=F,2026-08-28,345.8500061035156,USD,contract quote,2026-09-28T19:20:53.177376+09:00
corn_futures,ZC=F,2026-08-28,512.0,USD,contract quote,2026-09-28T19:20:51.885079+09:00
cotton_futures,CT=F,2026-08-28,89.91999816894531,USD,contract quote,2026-09-28T19:20:53.767947+09:00
dow_jones,^DJI,2026-08-28,53559.98828125,index,index points,2026-09-25T16:11:26.031225+09:00
kosdaq,^KQ11,2026-08-28,838.4099731445312,index,index points,2026-09-25T16:11:25.127243+09:00
kospi,^KS11,2026-08-28,6788.8798828125,index,index points,2026-09-25T16:11:24.851983+09:00
nasdaq,^IXIC,2026-08-28,26402.419921875,index,index points,2026-09-25T16:11:25.718717+09:00
orange_juice_futures,OJ=F,2026-08-28,132.9499969482422,USD,contract quote,2026-09-28T19:20:54.055386+09:00
rough_rice_futures,ZR=F,2026-08-28,15.055000305175781,USD,contract quote,2026-09-28T19:20:52.858801+09:00
soybean_futures,ZS=F,2026-08-28,1276.25,USD,contract quote,2026-09-28T19:20:52.576786+09:00
sp500,^GSPC,2026-08-28,7711.759765625,index,index points,2026-09-25T16:11:25.406149+09:00
sugar_futures,SB=F,2026-08-28,17.559999465942383,USD,contract quote,2026-09-28T19:20:53.461510+09:00
usd_krw,KRW=X,2026-08-28,1380.449951171875,KRW,KRW per USD,2026-09-25T16:11:26.325227+09:00
wheat_futures,ZW=F,2026-08-28,767.0,USD,contract quote,2026-09-28T19:20:52.215695+09:00
coffee_futures,KC=F,2026-08-31,343.8999938964844,USD,contract quote,2026-09-28T19:20:53.177376+09:00
corn_futures,ZC=F,2026-08-31,515.0,USD,contract quote,2026-09-28T19:20:51.885079+09:00
cotton_futures,CT=F,2026-08-31,91.69999694824219,USD,contract quote,2026-09-28T19:20:53.767947+09:00
dow_jones,^DJI,2026-08-31,53185.8984375,index,index points,2026-09-25T16:11:26.031225+09:00
kosdaq,^KQ11,2026-08-31,834.2899780273438,index,index points,2026-09-25T16:11:25.127243+09:00
kospi,^KS11,2026-08-31,6820.02001953125,index,index points,2026-09-25T16:11:24.851983+09:00
nasdaq,^IXIC,2026-08-31,26370.890625,index,index points,2026-09-25T16:11:25.718717+09:00
orange_juice_futures,OJ=F,2026-08-31,119.25,USD,contract quote,2026-09-28T19:20:54.055386+09:00
rough_rice_futures,ZR=F,2026-08-31,15.25,USD,contract quote,2026-09-28T19:20:52.858801+09:00
soybean_futures,ZS=F,2026-08-31,1275.25,USD,contract quote,2026-09-28T19:20:52.576786+09:00
sp500,^GSPC,2026-08-31,7686.14013671875,index,index points,2026-09-25T16:11:25.406149+09:00
sugar_futures,SB=F,2026-08-31,17.809999465942383,USD,contract quote,2026-09-28T19:20:53.461510+09:00
usd_krw,KRW=X,2026-08-31,1377.1099853515625,KRW,KRW per USD,2026-09-25T16:11:26.325227+09:00
wheat_futures,ZW=F,2026-08-31,756.5,USD,contract quote,2026-09-28T19:20:52.215695+09:00
coffee_futures,KC=F,2026-09-01,342.25,USD,contract quote,2026-09-28T19:20:53.177376+09:00
corn_futures,ZC=F,2026-09-01,521.5,USD,contract quote,2026-09-28T19:20:51.885079+09:00
cotton_futures,CT=F,2026-09-01,90.01000213623047,USD,contract quote,2026-09-28T19:20:53.767947+09:00
dow_jones,^DJI,2026-09-01,52766.87890625,index,index points,2026-09-25T16:11:26.031225+09:00
kosdaq,^KQ11,2026-09-01,821.25,index,index points,2026-09-25T16:11:25.127243+09:00
kospi,^KS11,2026-09-01,6835.7998046875,index,index points,2026-09-25T16:11:24.851983+09:00
nasdaq,^IXIC,2026-09-01,26099.76953125,index,index points,2026-09-25T16:11:25.718717+09:00
orange_juice_futures,OJ=F,2026-09-01,127.1500015258789,USD,contract quote,2026-09-28T19:20:54.055386+09:00
rough_rice_futures,ZR=F,2026-09-01,15.329999923706055,USD,contract quote,2026-09-28T19:20:52.858801+09:00
soybean_futures,ZS=F,2026-09-01,1306.75,USD,contract quote,2026-09-28T19:20:52.576786+09:00
sp500,^GSPC,2026-09-01,7631.47021484375,index,index points,2026-09-25T16:11:25.406149+09:00
sugar_futures,SB=F,2026-09-01,18.360000610351562,USD,contract quote,2026-09-28T19:20:53.461510+09:00
usd_krw,KRW=X,2026-09-01,1366.6199951171875,KRW,KRW per USD,2026-09-25T16:11:26.325227+09:00
wheat_futures,ZW=F,2026-09-01,764.0,USD,contract quote,2026-09-28T19:20:52.215695+09:00
coffee_futures,KC=F,2026-09-02,328.3999938964844,USD,contract quote,2026-09-28T19:20:53.177376+09:00
corn_futures,ZC=F,2026-09-02,518.75,USD,contract quote,2026-09-28T19:20:51.885079+09:00
cotton_futures,CT=F,2026-09-02,86.37999725341797,USD,contract quote,2026-09-28T19:20:53.767947+09:00
dow_jones,^DJI,2026-09-02,53061.94921875,index,index points,2026-09-25T16:11:26.031225+09:00
kosdaq,^KQ11,2026-09-02,803.97998046875,index,index points,2026-09-25T16:11:25.127243+09:00
kospi,^KS11,2026-09-02,6562.72021484375,index,index points,2026-09-25T16:11:24.851983+09:00
nasdaq,^IXIC,2026-09-02,26217.830078125,index,index points,2026-09-25T16:11:25.718717+09:00
orange_juice_futures,OJ=F,2026-09-02,131.39999389648438,USD,contract quote,2026-09-28T19:20:54.055386+09:00
rough_rice_futures,ZR=F,2026-09-02,15.234999656677246,USD,contract quote,2026-09-28T19:20:52.858801+09:00
soybean_futures,ZS=F,2026-09-02,1301.75,USD,contract quote,2026-09-28T19:20:52.576786+09:00
sp500,^GSPC,2026-09-02,7666.60009765625,index,index points,2026-09-25T16:11:25.406149+09:00
sugar_futures,SB=F,2026-09-02,18.700000762939453,USD,contract quote,2026-09-28T19:20:53.461510+09:00
usd_krw,KRW=X,2026-09-02,1372.8599853515625,KRW,KRW per USD,2026-09-25T16:11:26.325227+09:00
wheat_futures,ZW=F,2026-09-02,754.75,USD,contract quote,2026-09-28T19:20:52.215695+09:00
coffee_futures,KC=F,2026-09-03,324.3500061035156,USD,contract quote,2026-09-28T19:20:53.177376+09:00
corn_futures,ZC=F,2026-09-03,515.25,USD,contract quote,2026-09-28T19:20:51.885079+09:00
cotton_futures,CT=F,2026-09-03,83.36000061035156,USD,contract quote,2026-09-28T19:20:53.767947+09:00
dow_jones,^DJI,2026-09-03,53686.109375,index,index points,2026-09-25T16:11:26.031225+09:00
kosdaq,^KQ11,2026-09-03,790.2100219726562,index,index points,2026-09-25T16:11:25.127243+09:00
kospi,^KS11,2026-09-03,6579.47998046875,index,index points,2026-09-25T16:11:24.851983+09:00
nasdaq,^IXIC,2026-09-03,26584.060546875,index,index points,2026-09-25T16:11:25.718717+09:00
orange_juice_futures,OJ=F,2026-09-03,137.75,USD,contract quote,2026-09-28T19:20:54.055386+09:00
rough_rice_futures,ZR=F,2026-09-03,15.234999656677246,USD,contract quote,2026-09-28T19:20:52.858801+09:00
soybean_futures,ZS=F,2026-09-03,1306.25,USD,contract quote,2026-09-28T19:20:52.576786+09:00
sp500,^GSPC,2026-09-03,7747.7099609375,index,index points,2026-09-25T16:11:25.406149+09:00
sugar_futures,SB=F,2026-09-03,18.06999969482422,USD,contract quote,2026-09-28T19:20:53.461510+09:00
usd_krw,KRW=X,2026-09-03,1358.3900146484375,KRW,KRW per USD,2026-09-25T16:11:26.325227+09:00
wheat_futures,ZW=F,2026-09-03,736.0,USD,contract quote,2026-09-28T19:20:52.215695+09:00
coffee_futures,KC=F,2026-09-04,324.25,USD,contract quote,2026-09-28T19:20:53.177376+09:00
corn_futures,ZC=F,2026-09-04,512.0,USD,contract quote,2026-09-28T19:20:51.885079+09:00
cotton_futures,CT=F,2026-09-04,82.41999816894531,USD,contract quote,2026-09-28T19:20:53.767947+09:00
dow_jones,^DJI,2026-09-04,53414.25,index,index points,2026-09-25T16:11:26.031225+09:00
kosdaq,^KQ11,2026-09-04,813.5,index,index points,2026-09-25T16:11:25.127243+09:00
kospi,^KS11,2026-09-04,6687.2099609375,index,index points,2026-09-25T16:11:24.851983+09:00
nasdaq,^IXIC,2026-09-04,26506.990234375,index,index points,2026-09-25T16:11:25.718717+09:00
orange_juice_futures,OJ=F,2026-09-04,138.14999389648438,USD,contract quote,2026-09-28T19:20:54.055386+09:00
rough_rice_futures,ZR=F,2026-09-04,15.380000114440918,USD,contract quote,2026-09-28T19:20:52.858801+09:00
soybean_futures,ZS=F,2026-09-04,1293.75,USD,contract quote,2026-09-28T19:20:52.576786+09:00
sp500,^GSPC,2026-09-04,7718.60009765625,index,index points,2026-09-25T16:11:25.406149+09:00
sugar_futures,SB=F,2026-09-04,18.06999969482422,USD,contract quote,2026-09-28T19:20:53.461510+09:00
usd_krw,KRW=X,2026-09-04,1355.4100341796875,KRW,KRW per USD,2026-09-25T16:11:26.325227+09:00
wheat_futures,ZW=F,2026-09-04,716.0,USD,contract quote,2026-09-28T19:20:52.215695+09:00
kosdaq,^KQ11,2026-09-07,822.1900024414062,index,index points,2026-09-25T16:11:25.127243+09:00
kospi,^KS11,2026-09-07,6995.39013671875,index,index points,2026-09-25T16:11:24.851983+09:00
usd_krw,KRW=X,2026-09-07,1345.06005859375,KRW,KRW per USD,2026-09-25T16:11:26.325227+09:00
coffee_futures,KC=F,2026-09-08,318.45001220703125,USD,contract quote,2026-09-25T16:11:28.038800+09:00
corn_futures,ZC=F,2026-09-08,511.0,USD,contract quote,2026-09-25T16:11:26.651860+09:00
cotton_futures,CT=F,2026-09-08,82.63999938964844,USD,contract quote,2026-09-25T16:11:28.669913+09:00
dow_jones,^DJI,2026-09-08,52786.0703125,index,index points,2026-09-25T16:11:26.031225+09:00
kosdaq,^KQ11,2026-09-08,811.8800048828125,index,index points,2026-09-25T16:11:25.127243+09:00
kospi,^KS11,2026-09-08,6954.52001953125,index,index points,2026-09-25T16:11:24.851983+09:00
nasdaq,^IXIC,2026-09-08,26421.41015625,index,index points,2026-09-25T16:11:25.718717+09:00
orange_juice_futures,OJ=F,2026-09-08,132.60000610351562,USD,contract quote,2026-09-25T16:11:28.999485+09:00
rough_rice_futures,ZR=F,2026-09-08,15.479999542236328,USD,contract quote,2026-09-25T16:11:27.707728+09:00
soybean_futures,ZS=F,2026-09-08,1302.5,USD,contract quote,2026-09-25T16:11:27.356350+09:00
sp500,^GSPC,2026-09-08,7673.52001953125,index,index points,2026-09-25T16:11:25.406149+09:00
sugar_futures,SB=F,2026-09-08,18.100000381469727,USD,contract quote,2026-09-25T16:11:28.337925+09:00
usd_krw,KRW=X,2026-09-08,1343.5699462890625,KRW,KRW per USD,2026-09-25T16:11:26.325227+09:00
wheat_futures,ZW=F,2026-09-08,730.25,USD,contract quote,2026-09-25T16:11:27.012606+09:00
coffee_futures,KC=F,2026-09-09,319.20001220703125,USD,contract quote,2026-09-25T16:11:28.038800+09:00
corn_futures,ZC=F,2026-09-09,507.75,USD,contract quote,2026-09-25T16:11:26.651860+09:00
cotton_futures,CT=F,2026-09-09,83.7300033569336,USD,contract quote,2026-09-25T16:11:28.669913+09:00
dow_jones,^DJI,2026-09-09,52380.66015625,index,index points,2026-09-25T16:11:26.031225+09:00
kosdaq,^KQ11,2026-09-09,830.3699951171875,index,index points,2026-09-25T16:11:25.127243+09:00
kospi,^KS11,2026-09-09,7051.64013671875,index,index points,2026-09-25T16:11:24.851983+09:00
nasdaq,^IXIC,2026-09-09,26253.33984375,index,index points,2026-09-25T16:11:25.718717+09:00
orange_juice_futures,OJ=F,2026-09-09,128.35000610351562,USD,contract quote,2026-09-25T16:11:28.999485+09:00
rough_rice_futures,ZR=F,2026-09-09,15.59000015258789,USD,contract quote,2026-09-25T16:11:27.707728+09:00
soybean_futures,ZS=F,2026-09-09,1295.25,USD,contract quote,2026-09-25T16:11:27.356350+09:00
sp500,^GSPC,2026-09-09,7636.35986328125,index,index points,2026-09-25T16:11:25.406149+09:00
sugar_futures,SB=F,2026-09-09,18.399999618530273,USD,contract quote,2026-09-25T16:11:28.337925+09:00
usd_krw,KRW=X,2026-09-09,1339.2099609375,KRW,KRW per USD,2026-09-25T16:11:26.325227+09:00
wheat_futures,ZW=F,2026-09-09,711.25,USD,contract quote,2026-09-25T16:11:27.012606+09:00
coffee_futures,KC=F,2026-09-10,315.29998779296875,USD,contract quote,2026-09-25T16:11:28.038800+09:00
corn_futures,ZC=F,2026-09-10,514.0,USD,contract quote,2026-09-25T16:11:26.651860+09:00
cotton_futures,CT=F,2026-09-10,84.63999938964844,USD,contract quote,2026-09-25T16:11:28.669913+09:00
dow_jones,^DJI,2026-09-10,52064.1015625,index,index points,2026-09-25T16:11:26.031225+09:00
kosdaq,^KQ11,2026-09-10,836.9199829101562,index,index points,2026-09-25T16:11:25.127243+09:00
kospi,^KS11,2026-09-10,7033.919921875,index,index points,2026-09-25T16:11:24.851983+09:00
nasdaq,^IXIC,2026-09-10,26081.720703125,index,index points,2026-09-25T16:11:25.718717+09:00
orange_juice_futures,OJ=F,2026-09-10,125.75,USD,contract quote,2026-09-25T16:11:28.999485+09:00
rough_rice_futures,ZR=F,2026-09-10,15.630000114440918,USD,contract quote,2026-09-25T16:11:27.707728+09:00
soybean_futures,ZS=F,2026-09-10,1316.0,USD,contract quote,2026-09-25T16:11:27.356350+09:00
sp500,^GSPC,2026-09-10,7591.7001953125,index,index points,2026-09-25T16:11:25.406149+09:00
sugar_futures,SB=F,2026-09-10,18.729999542236328,USD,contract quote,2026-09-25T16:11:28.337925+09:00
usd_krw,KRW=X,2026-09-10,1339.1700439453125,KRW,KRW per USD,2026-09-25T16:11:26.325227+09:00
wheat_futures,ZW=F,2026-09-10,723.25,USD,contract quote,2026-09-25T16:11:27.012606+09:00
coffee_futures,KC=F,2026-09-11,313.6499938964844,USD,contract quote,2026-09-25T16:11:28.038800+09:00
corn_futures,ZC=F,2026-09-11,510.25,USD,contract quote,2026-09-25T16:11:26.651860+09:00
cotton_futures,CT=F,2026-09-11,82.37999725341797,USD,contract quote,2026-09-25T16:11:28.669913+09:00
dow_jones,^DJI,2026-09-11,52573.2890625,index,index points,2026-09-25T16:11:26.031225+09:00
kosdaq,^KQ11,2026-09-11,820.6400146484375,index,index points,2026-09-25T16:11:25.127243+09:00
kospi,^KS11,2026-09-11,6909.91015625,index,index points,2026-09-25T16:11:24.851983+09:00
nasdaq,^IXIC,2026-09-11,26333.0390625,index,index points,2026-09-25T16:11:25.718717+09:00
orange_juice_futures,OJ=F,2026-09-11,145.25,USD,contract quote,2026-09-25T16:11:28.999485+09:00
rough_rice_futures,ZR=F,2026-09-11,15.600000381469727,USD,contract quote,2026-09-25T16:11:27.707728+09:00
soybean_futures,ZS=F,2026-09-11,1280.25,USD,contract quote,2026-09-25T16:11:27.356350+09:00
sp500,^GSPC,2026-09-11,7656.97998046875,index,index points,2026-09-25T16:11:25.406149+09:00
sugar_futures,SB=F,2026-09-11,18.149999618530273,USD,contract quote,2026-09-25T16:11:28.337925+09:00
usd_krw,KRW=X,2026-09-11,1348.1700439453125,KRW,KRW per USD,2026-09-25T16:11:26.325227+09:00
wheat_futures,ZW=F,2026-09-11,707.0,USD,contract quote,2026-09-25T16:11:27.012606+09:00
coffee_futures,KC=F,2026-09-14,307.3500061035156,USD,contract quote,2026-09-25T16:11:28.038800+09:00
corn_futures,ZC=F,2026-09-14,512.0,USD,contract quote,2026-09-25T16:11:26.651860+09:00
cotton_futures,CT=F,2026-09-14,80.63999938964844,USD,contract quote,2026-09-25T16:11:28.669913+09:00
dow_jones,^DJI,2026-09-14,52421.19921875,index,index points,2026-09-25T16:11:26.031225+09:00
kosdaq,^KQ11,2026-09-14,806.7899780273438,index,index points,2026-09-25T16:11:25.127243+09:00
kospi,^KS11,2026-09-14,6684.3701171875,index,index points,2026-09-25T16:11:24.851983+09:00
nasdaq,^IXIC,2026-09-14,26186.41015625,index,index points,2026-09-25T16:11:25.718717+09:00
orange_juice_futures,OJ=F,2026-09-14,152.9499969482422,USD,contract quote,2026-09-25T16:11:28.999485+09:00
rough_rice_futures,ZR=F,2026-09-14,15.5649995803833,USD,contract quote,2026-09-25T16:11:27.707728+09:00
soybean_futures,ZS=F,2026-09-14,1285.25,USD,contract quote,2026-09-25T16:11:27.356350+09:00
sp500,^GSPC,2026-09-14,7619.97998046875,index,index points,2026-09-25T16:11:25.406149+09:00
sugar_futures,SB=F,2026-09-14,18.15999984741211,USD,contract quote,2026-09-25T16:11:28.337925+09:00
usd_krw,KRW=X,2026-09-14,1344.6400146484375,KRW,KRW per USD,2026-09-25T16:11:26.325227+09:00
wheat_futures,ZW=F,2026-09-14,707.0,USD,contract quote,2026-09-25T16:11:27.012606+09:00
coffee_futures,KC=F,2026-09-15,299.6499938964844,USD,contract quote,2026-09-25T16:11:28.038800+09:00
corn_futures,ZC=F,2026-09-15,535.75,USD,contract quote,2026-09-25T16:11:26.651860+09:00
cotton_futures,CT=F,2026-09-15,81.0999984741211,USD,contract quote,2026-09-25T16:11:28.669913+09:00
dow_jones,^DJI,2026-09-15,52093.109375,index,index points,2026-09-25T16:11:26.031225+09:00
kosdaq,^KQ11,2026-09-15,812.4099731445312,index,index points,2026-09-25T16:11:25.127243+09:00
kospi,^KS11,2026-09-15,6627.259765625,index,index points,2026-09-25T16:11:24.851983+09:00
nasdaq,^IXIC,2026-09-15,25981.5703125,index,index points,2026-09-25T16:11:25.718717+09:00
orange_juice_futures,OJ=F,2026-09-15,152.14999389648438,USD,contract quote,2026-09-25T16:11:28.999485+09:00
rough_rice_futures,ZR=F,2026-09-15,15.78499984741211,USD,contract quote,2026-09-25T16:11:27.707728+09:00
soybean_futures,ZS=F,2026-09-15,1318.75,USD,contract quote,2026-09-25T16:11:27.356350+09:00
sp500,^GSPC,2026-09-15,7585.72998046875,index,index points,2026-09-25T16:11:25.406149+09:00
sugar_futures,SB=F,2026-09-15,17.940000534057617,USD,contract quote,2026-09-25T16:11:28.337925+09:00
usd_krw,KRW=X,2026-09-15,1345.6099853515625,KRW,KRW per USD,2026-09-25T16:11:26.325227+09:00
wheat_futures,ZW=F,2026-09-15,728.5,USD,contract quote,2026-09-25T16:11:27.012606+09:00
coffee_futures,KC=F,2026-09-16,295.8500061035156,USD,contract quote,2026-09-25T16:11:28.038800+09:00
corn_futures,ZC=F,2026-09-16,534.25,USD,contract quote,2026-09-25T16:11:26.651860+09:00
cotton_futures,CT=F,2026-09-16,80.44000244140625,USD,contract quote,2026-09-25T16:11:28.669913+09:00
dow_jones,^DJI,2026-09-16,51461.8984375,index,index points,2026-09-25T16:11:26.031225+09:00
kosdaq,^KQ11,2026-09-16,815.97998046875,index,index points,2026-09-25T16:11:25.127243+09:00
kospi,^KS11,2026-09-16,6717.97021484375,index,index points,2026-09-25T16:11:24.851983+09:00
nasdaq,^IXIC,2026-09-16,25978.4296875,index,index points,2026-09-25T16:11:25.718717+09:00
orange_juice_futures,OJ=F,2026-09-16,145.3000030517578,USD,contract quote,2026-09-25T16:11:28.999485+09:00
rough_rice_futures,ZR=F,2026-09-16,15.84000015258789,USD,contract quote,2026-09-25T16:11:27.707728+09:00
soybean_futures,ZS=F,2026-09-16,1320.5,USD,contract quote,2026-09-25T16:11:27.356350+09:00
sp500,^GSPC,2026-09-16,7551.81005859375,index,index points,2026-09-25T16:11:25.406149+09:00
sugar_futures,SB=F,2026-09-16,17.969999313354492,USD,contract quote,2026-09-25T16:11:28.337925+09:00
usd_krw,KRW=X,2026-09-16,1363.5699462890625,KRW,KRW per USD,2026-09-25T16:11:26.325227+09:00
wheat_futures,ZW=F,2026-09-16,730.75,USD,contract quote,2026-09-25T16:11:27.012606+09:00
coffee_futures,KC=F,2026-09-17,290.54998779296875,USD,contract quote,2026-09-25T16:11:28.038800+09:00
corn_futures,ZC=F,2026-09-17,530.5,USD,contract quote,2026-09-25T16:11:26.651860+09:00
cotton_futures,CT=F,2026-09-17,78.41000366210938,USD,contract quote,2026-09-25T16:11:28.669913+09:00
dow_jones,^DJI,2026-09-17,51778.0390625,index,index points,2026-09-25T16:11:26.031225+09:00
kosdaq,^KQ11,2026-09-17,822.1799926757812,index,index points,2026-09-25T16:11:25.127243+09:00
kospi,^KS11,2026-09-17,6715.41015625,index,index points,2026-09-25T16:11:24.851983+09:00
nasdaq,^IXIC,2026-09-17,26418.30078125,index,index points,2026-09-25T16:11:25.718717+09:00
orange_juice_futures,OJ=F,2026-09-17,140.0,USD,contract quote,2026-09-25T16:11:28.999485+09:00
rough_rice_futures,ZR=F,2026-09-17,15.789999961853027,USD,contract quote,2026-09-25T16:11:27.707728+09:00
soybean_futures,ZS=F,2026-09-17,1319.75,USD,contract quote,2026-09-25T16:11:27.356350+09:00
sp500,^GSPC,2026-09-17,7637.759765625,index,index points,2026-09-25T16:11:25.406149+09:00
sugar_futures,SB=F,2026-09-17,17.420000076293945,USD,contract quote,2026-09-25T16:11:28.337925+09:00
usd_krw,KRW=X,2026-09-17,1376.5999755859375,KRW,KRW per USD,2026-09-25T16:11:26.325227+09:00
wheat_futures,ZW=F,2026-09-17,727.0,USD,contract quote,2026-09-25T16:11:27.012606+09:00
coffee_futures,KC=F,2026-09-18,294.54998779296875,USD,contract quote,2026-09-25T16:11:28.038800+09:00
corn_futures,ZC=F,2026-09-18,527.5,USD,contract quote,2026-09-25T16:11:26.651860+09:00
cotton_futures,CT=F,2026-09-18,77.37999725341797,USD,contract quote,2026-09-25T16:11:28.669913+09:00
dow_jones,^DJI,2026-09-18,51682.640625,index,index points,2026-09-25T16:11:26.031225+09:00
kosdaq,^KQ11,2026-09-18,827.1199951171875,index,index points,2026-09-25T16:11:25.127243+09:00
kospi,^KS11,2026-09-18,6894.22998046875,index,index points,2026-09-25T16:11:24.851983+09:00
nasdaq,^IXIC,2026-09-18,26522.5390625,index,index points,2026-09-25T16:11:25.718717+09:00
orange_juice_futures,OJ=F,2026-09-18,140.89999389648438,USD,contract quote,2026-09-25T16:11:28.999485+09:00
rough_rice_futures,ZR=F,2026-09-18,15.640000343322754,USD,contract quote,2026-09-25T16:11:27.707728+09:00
soybean_futures,ZS=F,2026-09-18,1303.5,USD,contract quote,2026-09-25T16:11:27.356350+09:00
sp500,^GSPC,2026-09-18,7650.5,index,index points,2026-09-25T16:11:25.406149+09:00
sugar_futures,SB=F,2026-09-18,17.360000610351562,USD,contract quote,2026-09-25T16:11:28.337925+09:00
usd_krw,KRW=X,2026-09-18,1379.530029296875,KRW,KRW per USD,2026-09-25T16:11:26.325227+09:00
wheat_futures,ZW=F,2026-09-18,714.25,USD,contract quote,2026-09-25T16:11:27.012606+09:00
coffee_futures,KC=F,2026-09-21,276.3999938964844,USD,contract quote,2026-09-25T16:11:28.038800+09:00
corn_futures,ZC=F,2026-09-21,543.0,USD,contract quote,2026-09-25T16:11:26.651860+09:00
cotton_futures,CT=F,2026-09-21,79.8499984741211,USD,contract quote,2026-09-25T16:11:28.669913+09:00
dow_jones,^DJI,2026-09-21,52048.828125,index,index points,2026-09-25T16:11:26.031225+09:00
kosdaq,^KQ11,2026-09-21,836.27001953125,index,index points,2026-09-25T16:11:25.127243+09:00
kospi,^KS11,2026-09-21,7007.72021484375,index,index points,2026-09-25T16:11:24.851983+09:00
nasdaq,^IXIC,2026-09-21,27122.08984375,index,index points,2026-09-25T16:11:25.718717+09:00
orange_juice_futures,OJ=F,2026-09-21,148.60000610351562,USD,contract quote,2026-09-25T16:11:28.999485+09:00
rough_rice_futures,ZR=F,2026-09-21,16.065000534057617,USD,contract quote,2026-09-25T16:11:27.707728+09:00
soybean_futures,ZS=F,2026-09-21,1328.0,USD,contract quote,2026-09-25T16:11:27.356350+09:00
sp500,^GSPC,2026-09-21,7764.7001953125,index,index points,2026-09-25T16:11:25.406149+09:00
sugar_futures,SB=F,2026-09-21,17.479999542236328,USD,contract quote,2026-09-25T16:11:28.337925+09:00
usd_krw,KRW=X,2026-09-21,1384.8599853515625,KRW,KRW per USD,2026-09-25T16:11:26.325227+09:00
wheat_futures,ZW=F,2026-09-21,726.75,USD,contract quote,2026-09-25T16:11:27.012606+09:00
coffee_futures,KC=F,2026-09-22,272.29998779296875,USD,contract quote,2026-09-25T16:11:28.038800+09:00
corn_futures,ZC=F,2026-09-22,536.75,USD,contract quote,2026-09-25T16:11:26.651860+09:00
cotton_futures,CT=F,2026-09-22,79.69000244140625,USD,contract quote,2026-09-25T16:11:28.669913+09:00
dow_jones,^DJI,2026-09-22,51863.69140625,index,index points,2026-09-26T01:37:27.356148+09:00
kosdaq,^KQ11,2026-09-22,834.3800048828125,index,index points,2026-09-26T01:37:25.574409+09:00
kospi,^KS11,2026-09-22,7017.91015625,index,index points,2026-09-26T01:37:25.133725+09:00
nasdaq,^IXIC,2026-09-22,27244.279296875,index,index points,2026-09-26T01:37:26.767828+09:00
orange_juice_futures,OJ=F,2026-09-22,152.5,USD,contract quote,2026-09-25T16:11:28.999485+09:00
rough_rice_futures,ZR=F,2026-09-22,16.020000457763672,USD,contract quote,2026-09-25T16:11:27.707728+09:00
soybean_futures,ZS=F,2026-09-22,1325.5,USD,contract quote,2026-09-25T16:11:27.356350+09:00
sp500,^GSPC,2026-09-22,7764.64013671875,index,index points,2026-09-26T01:37:26.314577+09:00
sugar_futures,SB=F,2026-09-22,17.59000015258789,USD,contract quote,2026-09-25T16:11:28.337925+09:00
usd_krw,KRW=X,2026-09-22,1373.6800537109375,KRW,KRW per USD,2026-09-25T16:11:26.325227+09:00
wheat_futures,ZW=F,2026-09-22,717.25,USD,contract quote,2026-09-25T16:11:27.012606+09:00
coffee_futures,KC=F,2026-09-23,275.8999938964844,USD,contract quote,2026-09-25T16:11:28.038800+09:00
corn_futures,ZC=F,2026-09-23,529.0,USD,contract quote,2026-09-25T16:11:26.651860+09:00
cotton_futures,CT=F,2026-09-23,78.91000366210938,USD,contract quote,2026-09-25T16:11:28.669913+09:00
dow_jones,^DJI,2026-09-23,51511.58984375,index,index points,2026-09-25T16:11:26.031225+09:00
kosdaq,^KQ11,2026-09-23,844.47998046875,index,index points,2026-09-25T16:11:25.127243+09:00
kospi,^KS11,2026-09-23,7080.919921875,index,index points,2026-09-25T16:11:24.851983+09:00
nasdaq,^IXIC,2026-09-23,26936.0390625,index,index points,2026-09-25T16:11:25.718717+09:00
orange_juice_futures,OJ=F,2026-09-23,149.64999389648438,USD,contract quote,2026-09-25T16:11:28.999485+09:00
rough_rice_futures,ZR=F,2026-09-23,16.31999969482422,USD,contract quote,2026-09-25T16:11:27.707728+09:00
soybean_futures,ZS=F,2026-09-23,1318.0,USD,contract quote,2026-09-25T16:11:27.356350+09:00
sp500,^GSPC,2026-09-23,7706.02978515625,index,index points,2026-09-25T16:11:25.406149+09:00
sugar_futures,SB=F,2026-09-23,17.75,USD,contract quote,2026-09-25T16:11:28.337925+09:00
usd_krw,KRW=X,2026-09-23,1350.3599853515625,KRW,KRW per USD,2026-09-25T16:11:26.325227+09:00
wheat_futures,ZW=F,2026-09-23,708.5,USD,contract quote,2026-09-25T16:11:27.012606+09:00
coffee_futures,KC=F,2026-09-24,275.3500061035156,USD,contract quote,2026-09-28T20:12:30.930288+09:00
corn_futures,ZC=F,2026-09-24,527.5,USD,contract quote,2026-09-28T20:12:28.685583+09:00
cotton_futures,CT=F,2026-09-24,79.51000213623047,USD,contract quote,2026-09-28T20:12:31.740977+09:00
dow_jones,^DJI,2026-09-24,51349.98046875,index,index points,2026-09-28T20:12:27.673036+09:00
nasdaq,^IXIC,2026-09-24,26939.369140625,index,index points,2026-09-28T20:12:27.265691+09:00
orange_juice_futures,OJ=F,2026-09-24,150.75,USD,contract quote,2026-09-28T20:12:32.142201+09:00
rough_rice_futures,ZR=F,2026-09-24,16.565000534057617,USD,contract quote,2026-09-28T20:12:30.554474+09:00
soybean_futures,ZS=F,2026-09-24,1317.5,USD,contract quote,2026-09-28T20:12:30.137123+09:00
sp500,^GSPC,2026-09-24,7704.1298828125,index,index points,2026-09-28T20:12:26.834996+09:00
sugar_futures,SB=F,2026-09-24,17.579999923706055,USD,contract quote,2026-09-28T20:12:31.358978+09:00
usd_krw,KRW=X,2026-09-24,1362.5,KRW,KRW per USD,2026-09-28T20:12:28.204698+09:00
wheat_futures,ZW=F,2026-09-24,707.0,USD,contract quote,2026-09-28T20:12:29.754916+09:00
coffee_futures,KC=F,2026-09-25,278.6000061035156,USD,contract quote,2026-09-28T20:12:30.930288+09:00
corn_futures,ZC=F,2026-09-25,518.5,USD,contract quote,2026-09-25T15:32:47.350772+09:00
cotton_futures,CT=F,2026-09-25,78.91000366210938,USD,contract quote,2026-09-28T20:12:31.740977+09:00
dow_jones,^DJI,2026-09-25,51828.62109375,index,index points,2026-09-28T20:12:27.673036+09:00
nasdaq,^IXIC,2026-09-25,27068.720703125,index,index points,2026-09-28T20:12:27.265691+09:00
orange_juice_futures,OJ=F,2026-09-25,151.10000610351562,USD,contract quote,2026-09-28T20:12:32.142201+09:00
rough_rice_futures,ZR=F,2026-09-25,16.584999084472656,USD,contract quote,2026-09-28T20:12:30.554474+09:00
soybean_futures,ZS=F,2026-09-25,1305.0,USD,contract quote,2026-09-25T15:32:47.350772+09:00
sp500,^GSPC,2026-09-25,7743.41015625,index,index points,2026-09-28T20:12:26.834996+09:00
sugar_futures,SB=F,2026-09-25,17.5,USD,contract quote,2026-09-28T20:12:31.358978+09:00
usd_krw,KRW=X,2026-09-25,1357.949951171875,KRW,KRW per USD,2026-09-25T15:32:47.350772+09:00
wheat_futures,ZW=F,2026-09-25,689.0,USD,contract quote,2026-09-25T15:32:47.350772+09:00
usd_krw,KRW=X,2026-09-26,1354.4000244140625,KRW,KRW per USD,2026-09-26T14:32:22.633240+09:00
usd_krw,KRW=X,2026-09-27,1354.4000244140625,KRW,KRW per USD,2026-09-27T15:16:09.996859+09:00
coffee_futures,KC=F,2026-09-28,278.8999938964844,USD,contract quote,2026-09-28T20:16:50.174648+09:00
corn_futures,ZC=F,2026-09-28,522.5,USD,contract quote,2026-09-28T20:16:50.174648+09:00
cotton_futures,CT=F,2026-09-28,82.69999694824219,USD,contract quote,2026-09-28T20:16:50.174648+09:00
dow_jones,^DJI,2026-09-28,51481.51171875,index,index points,2026-09-29T19:14:44.053102+09:00
kosdaq,^KQ11,2026-09-28,846.5800170898438,index,index points,2026-09-28T20:16:50.174648+09:00
kospi,^KS11,2026-09-28,6889.740234375,index,index points,2026-09-28T20:16:50.174648+09:00
nasdaq,^IXIC,2026-09-28,26820.380859375,index,index points,2026-09-29T19:14:43.707091+09:00
orange_juice_futures,OJ=F,2026-09-28,149.0500030517578,USD,contract quote,2026-09-29T19:14:44.681079+09:00
rough_rice_futures,ZR=F,2026-09-28,16.479999542236328,USD,contract quote,2026-09-29T19:14:44.399203+09:00
soybean_futures,ZS=F,2026-09-28,1298.25,USD,contract quote,2026-09-28T20:16:50.174648+09:00
sp500,^GSPC,2026-09-28,7683.68994140625,index,index points,2026-09-29T19:14:43.444222+09:00
sugar_futures,SB=F,2026-09-28,18.709999084472656,USD,contract quote,2026-09-28T20:16:50.174648+09:00
usd_krw,KRW=X,2026-09-28,1360.72998046875,KRW,KRW per USD,2026-09-28T20:16:50.174648+09:00
wheat_futures,ZW=F,2026-09-28,697.25,USD,contract quote,2026-09-28T20:16:50.174648+09:00
coffee_futures,KC=F,2026-09-29,287.3999938964844,USD,contract quote,2026-09-29T19:35:44.079014+09:00
corn_futures,ZC=F,2026-09-29,522.75,USD,contract quote,2026-09-29T19:35:44.079014+09:00
cotton_futures,CT=F,2026-09-29,80.68000030517578,USD,contract quote,2026-09-29T19:35:44.079014+09:00
kosdaq,^KQ11,2026-09-29,849.7999877929688,index,index points,2026-09-29T19:35:44.079014+09:00
kospi,^KS11,2026-09-29,6870.81005859375,index,index points,2026-09-29T19:35:44.079014+09:00
soybean_futures,ZS=F,2026-09-29,1288.25,USD,contract quote,2026-09-29T19:35:44.079014+09:00
sugar_futures,SB=F,2026-09-29,18.56999969482422,USD,contract quote,2026-09-29T19:35:44.079014+09:00
usd_krw,KRW=X,2026-09-29,1354.97998046875,KRW,KRW per USD,2026-09-29T19:35:44.079014+09:00
wheat_futures,ZW=F,2026-09-29,682.75,USD,contract quote,2026-09-29T19:35:44.079014+09:00
