platform,item_code,kind_code,average_unit_price,sample_count,candidate_count,collection_status,observed_date
naver,111,10,42420,0,0,estimated,2026-09-25
coupang,111,10,35930,0,0,estimated,2026-09-25
combined,111,10,39175,0,0,estimated,2026-09-25
naver,152,00,8000,0,0,estimated,2026-09-25
coupang,152,00,6200,0,0,estimated,2026-09-25
combined,152,00,7100,0,0,estimated,2026-09-25
naver,211,03,9200.00000000000000000000000,0,0,estimated,2026-09-25
coupang,211,03,18250,0,0,estimated,2026-09-25
combined,211,03,13725.00000000000000000000000,0,0,estimated,2026-09-25
naver,225,00,10200,0,0,estimated,2026-09-25
coupang,225,00,14990,0,0,estimated,2026-09-25
combined,225,00,12595,0,0,estimated,2026-09-25
naver,231,03,5600,0,0,estimated,2026-09-25
coupang,231,03,6400,0,0,estimated,2026-09-25
combined,231,03,6000,0,0,estimated,2026-09-25
naver,245,00,67000,0,0,estimated,2026-09-25
coupang,245,00,9400,0,0,estimated,2026-09-25
combined,245,00,38200,0,0,estimated,2026-09-25
naver,258,01,18000,0,0,estimated,2026-09-25
coupang,258,01,12366.66666666666666666666667,0,0,estimated,2026-09-25
combined,258,01,15183.33333333333333333333334,0,0,estimated,2026-09-25
naver,411,05,28600,0,0,estimated,2026-09-25
coupang,411,05,28600,0,0,estimated,2026-09-25
combined,411,05,28600,0,0,estimated,2026-09-25
naver,412,01,86900,0,0,estimated,2026-09-25
coupang,412,01,86900,0,0,estimated,2026-09-25
combined,412,01,86900,0,0,estimated,2026-09-25
naver,611,05,1791,0,0,estimated,2026-09-25
coupang,611,05,1791,0,0,estimated,2026-09-25
combined,611,05,1791,0,0,estimated,2026-09-25
coupang,111,10,35930,0,0,estimated,2026-09-26
coupang,152,00,6200,0,0,estimated,2026-09-26
coupang,211,03,18250,0,0,estimated,2026-09-26
coupang,225,00,14990,0,0,estimated,2026-09-26
coupang,231,03,6400,0,0,estimated,2026-09-26
coupang,245,00,9400,0,0,estimated,2026-09-26
coupang,258,01,12366.66666666666666666666667,0,0,estimated,2026-09-26
coupang,411,05,28600,0,0,estimated,2026-09-26
coupang,412,01,86900,0,0,estimated,2026-09-26
coupang,611,05,1791,0,0,estimated,2026-09-26
naver,111,10,42420,0,0,estimated,2026-09-26
combined,111,10,39175,0,0,estimated,2026-09-26
naver,152,00,8000,0,0,estimated,2026-09-26
combined,152,00,7100,0,0,estimated,2026-09-26
naver,211,03,9200.00000000000000000000000,0,0,estimated,2026-09-26
combined,211,03,13725.00000000000000000000000,0,0,estimated,2026-09-26
naver,225,00,10200,0,0,estimated,2026-09-26
combined,225,00,12595,0,0,estimated,2026-09-26
naver,231,03,5600,0,0,estimated,2026-09-26
combined,231,03,6000,0,0,estimated,2026-09-26
naver,245,00,67000,0,0,estimated,2026-09-26
combined,245,00,38200,0,0,estimated,2026-09-26
naver,258,01,18000,0,0,estimated,2026-09-26
combined,258,01,15183.33333333333333333333334,0,0,estimated,2026-09-26
naver,411,05,28600,0,0,estimated,2026-09-26
combined,411,05,28600,0,0,estimated,2026-09-26
naver,412,01,86900,0,0,estimated,2026-09-26
combined,412,01,86900,0,0,estimated,2026-09-26
naver,611,05,1791,0,0,estimated,2026-09-26
combined,611,05,1791,0,0,estimated,2026-09-26
naver,111,10,42420,5,8,available,2026-09-27
coupang,111,10,35930,3,8,available,2026-09-27
coupang,152,00,6200,1,8,available,2026-09-27
coupang,211,03,18250,2,8,available,2026-09-27
coupang,225,00,14990,1,8,available,2026-09-27
coupang,231,03,6400,1,5,available,2026-09-27
coupang,245,00,9400,1,8,available,2026-09-27
coupang,258,01,12366.66666666666666666666667,3,8,available,2026-09-27
coupang,411,05,28600,1,1,available,2026-09-27
coupang,412,01,86900,1,1,available,2026-09-27
coupang,611,05,1791,1,6,available,2026-09-27
combined,111,10,39175,8,16,available,2026-09-27
naver,152,00,8000,1,8,available,2026-09-27
combined,152,00,6200,1,8,available,2026-09-27
naver,211,03,9200.00000000000000000000000,5,8,available,2026-09-27
combined,211,03,18250,2,8,available,2026-09-27
naver,225,00,10200,2,7,available,2026-09-27
combined,225,00,12595,3,15,available,2026-09-27
naver,231,03,5600,1,1,available,2026-09-27
combined,231,03,6400,1,5,available,2026-09-27
naver,245,00,67000,1,8,available,2026-09-27
combined,245,00,38200,2,16,available,2026-09-27
naver,258,01,18000,1,8,available,2026-09-27
combined,258,01,15183.33333333333333333333334,4,16,available,2026-09-27
naver,411,05,,0,0,collection_failed,2026-09-27
combined,411,05,28600,1,1,available,2026-09-27
naver,412,01,,0,0,collection_failed,2026-09-27
combined,412,01,86900,1,1,available,2026-09-27
naver,611,05,,0,0,collection_failed,2026-09-27
combined,611,05,1791,1,6,available,2026-09-27
coupang,111,10,41165,0,0,estimated,2026-09-28
coupang,152,00,5783.333333333333333333333335,2,8,available,2026-09-28
coupang,211,03,18250,2,8,available,2026-09-28
coupang,225,00,13995,2,8,available,2026-09-28
coupang,231,03,14395,1,4,available,2026-09-28
coupang,245,00,6700,2,8,available,2026-09-28
coupang,258,01,14600,2,8,available,2026-09-28
coupang,411,05,28600,1,2,available,2026-09-28
coupang,412,01,86900,1,1,available,2026-09-28
coupang,611,05,,0,0,collection_failed,2026-09-28
naver,111,10,41870,0,0,estimated,2026-09-28
naver,152,00,7450,0,0,estimated,2026-09-28
naver,211,03,12050.00000000000000000000000,0,0,estimated,2026-09-28
naver,225,00,21050,0,0,estimated,2026-09-28
naver,231,03,5600,0,0,estimated,2026-09-28
naver,245,00,39000,0,0,estimated,2026-09-28
naver,258,01,19500,0,0,estimated,2026-09-28
naver,411,05,28600,0,0,estimated,2026-09-28
naver,412,01,86900,0,0,estimated,2026-09-28
naver,611,05,1791,0,0,estimated,2026-09-28
combined,111,10,41517.5,0,0,estimated,2026-09-28
combined,152,00,6616.66666666666666666666667,2,8,estimated,2026-09-28
combined,211,03,15150.00000000000000000000000,2,8,estimated,2026-09-28
combined,225,00,17522.5,2,8,estimated,2026-09-28
combined,231,03,9997.5,1,4,estimated,2026-09-28
combined,245,00,22850,2,8,estimated,2026-09-28
combined,258,01,17050,2,8,estimated,2026-09-28
combined,411,05,28600,1,2,estimated,2026-09-28
combined,412,01,86900,1,1,estimated,2026-09-28
combined,611,05,1791,0,0,estimated,2026-09-28
naver,111,10,41320,5,8,available,2026-09-29
coupang,111,10,46400,2,8,available,2026-09-29
combined,111,10,43860,7,16,available,2026-09-29
naver,152,00,6900,3,8,available,2026-09-29
coupang,152,00,4640,2,8,available,2026-09-29
combined,152,00,5770,5,16,available,2026-09-29
naver,211,03,14900,1,8,available,2026-09-29
coupang,211,03,19000,1,7,available,2026-09-29
combined,211,03,16950,2,15,available,2026-09-29
naver,225,00,31900,1,7,available,2026-09-29
coupang,225,00,9400,2,8,available,2026-09-29
combined,225,00,20650,3,15,available,2026-09-29
naver,231,03,5600,1,1,available,2026-09-29
coupang,231,03,6400,1,4,available,2026-09-29
combined,231,03,6000,2,5,available,2026-09-29
naver,245,00,11000,1,7,available,2026-09-29
coupang,245,00,4900,1,8,available,2026-09-29
combined,245,00,7950,2,15,available,2026-09-29
naver,258,01,21000,1,8,available,2026-09-29
coupang,258,01,12145,4,8,available,2026-09-29
combined,258,01,16572.5,5,16,available,2026-09-29
naver,411,05,,0,0,collection_failed,2026-09-29
coupang,411,05,16900,1,1,available,2026-09-29
combined,411,05,16900,1,1,available,2026-09-29
naver,412,01,,0,0,collection_failed,2026-09-29
coupang,412,01,529000,1,3,available,2026-09-29
combined,412,01,529000,1,3,available,2026-09-29
naver,611,05,,0,0,collection_failed,2026-09-29
coupang,611,05,,0,0,collection_failed,2026-09-29
combined,611,05,,0,0,collection_failed,2026-09-29
naver,111,10,41020,5,8,available,2026-09-30
coupang,111,10,44930,3,8,available,2026-09-30
combined,111,10,42975,8,16,available,2026-09-30
naver,152,00,6800,4,8,available,2026-09-30
coupang,152,00,4680,1,8,available,2026-09-30
combined,152,00,5740,5,16,available,2026-09-30
naver,211,03,12188.88888888888888888888889,3,8,available,2026-09-30
coupang,211,03,19000,1,8,available,2026-09-30
combined,211,03,15594.44444444444444444444444,4,16,available,2026-09-30
naver,225,00,31900,1,7,available,2026-09-30
coupang,225,00,9400,2,8,available,2026-09-30
combined,225,00,20650,3,15,available,2026-09-30
naver,231,03,5600,1,1,available,2026-09-30
coupang,231,03,6400,1,4,available,2026-09-30
combined,231,03,6000,2,5,available,2026-09-30
naver,245,00,9000,1,7,available,2026-09-30
coupang,245,00,4900,1,8,available,2026-09-30
combined,245,00,6950,2,15,available,2026-09-30
naver,258,01,21000,1,8,available,2026-09-30
coupang,258,01,12366.66666666666666666666667,3,8,available,2026-09-30
combined,258,01,16683.33333333333333333333334,4,16,available,2026-09-30
naver,411,05,,0,0,collection_failed,2026-09-30
coupang,411,05,16900,1,1,available,2026-09-30
combined,411,05,16900,1,1,available,2026-09-30
naver,412,01,,0,0,collection_failed,2026-09-30
coupang,412,01,86850,2,3,available,2026-09-30
combined,412,01,86850,2,3,available,2026-09-30
naver,611,05,,0,0,collection_failed,2026-09-30
coupang,611,05,1724.666666666666666666666666,2,7,available,2026-09-30
combined,611,05,1724.666666666666666666666666,2,7,available,2026-09-30
