observed_date,platform,item_code,kind_code,product_id,included,exclusion_reason,unit_price
2026-09-27,naver,111,10,9690127cbdbdddd6cc4cdfdf,True,,39900
2026-09-27,naver,111,10,2bebd9d408ac09cf44bf358f,True,,40300
2026-09-27,naver,111,10,da9c74d09deef990a7bec7d3,True,,43500
2026-09-27,naver,111,10,fe3d53d2a1a10620affb5d36,True,,43500
2026-09-27,naver,111,10,6330d21934f03263c1fcff9e,True,,44900
2026-09-27,naver,111,10,346dff47b7db0e1eb3b42cc6,False,sample_limit,46900
2026-09-27,naver,111,10,9b38e1e38218b4a9380cd333,False,sample_limit,50200
2026-09-27,naver,111,10,cc94893e3a9370286cf4731c,False,sample_limit,3.0300E+5
2026-09-27,coupang,111,10,554849ee1016cc8bea5c6200,True,,59900
2026-09-27,coupang,111,10,5d40303569d434b177f5ec94,False,match_rejected,29900
2026-09-27,coupang,111,10,d12630d4ea2f5cadb00d58e1,False,match_rejected,36900
2026-09-27,coupang,111,10,a72432f91ec1dfeb109bf72e,False,match_rejected,36900
2026-09-27,coupang,111,10,db44236eaa939612aa9797ed,False,low_price_outlier,29900
2026-09-27,coupang,111,10,141af876e3dcb64cc7847574,False,low_price_outlier,30400
2026-09-27,coupang,111,10,902e10270078b8c7e7a6e585,False,low_price_outlier,34900
2026-09-27,coupang,111,10,1ca66dbdeda38046490c6bf1,False,low_price_outlier,35990
2026-09-27,coupang,152,00,594bd03d0abb5d79cad53c4d,True,,2180
2026-09-27,coupang,152,00,7355deaf16acae198b24f331,False,match_rejected,7900
2026-09-27,coupang,152,00,4cce9c49bde03f9820101a67,False,match_rejected,49310
2026-09-27,coupang,152,00,8b324a042a1867c23e94b74f,False,match_rejected,22910
2026-09-27,coupang,152,00,8ee6ad33cc8e0764cad7206b,False,match_rejected,2590
2026-09-27,coupang,152,00,9c26afd7e73997af1cfcc289,False,unavailable,67812.5
2026-09-27,coupang,152,00,0c6f1b3e25b44b4c5f4f5f38,False,match_rejected,2380
2026-09-27,coupang,225,00,d95ff96cb21271a8e96f714a,True,,9450
2026-09-27,coupang,225,00,a23aab7551f04739cd8c26c6,False,unavailable,5180
2026-09-27,coupang,225,00,51d7ed4dcd2f8d363840a1bc,False,match_rejected,22530
2026-09-27,coupang,225,00,a83428ebb5d4d74a18570545,False,low_price_outlier,3780
2026-09-27,coupang,225,00,3643c0135d21de9d87fafda5,False,low_price_outlier,3780
2026-09-27,coupang,225,00,d4917d7d6e775703006b7721,False,low_price_outlier,4104
2026-09-27,coupang,225,00,10a2d650447dc0379a3a1add,False,low_price_outlier,6360
2026-09-27,coupang,225,00,c50dd77f36ee4e8012a7256b,False,low_price_outlier,7980
2026-09-27,coupang,231,03,3bfc94a2a8d243ec87354cb8,True,,16300
2026-09-27,coupang,231,03,b57ee4cba2bc3833228aca5f,False,match_rejected,7900
2026-09-27,coupang,231,03,2d628df76d090c78ed0998b2,False,match_rejected,7680
2026-09-27,coupang,231,03,8142cce1ff49d822f3c0eee7,False,match_rejected,6880
2026-09-27,coupang,231,03,33e1308a8edacfa139f7674e,False,match_rejected,8670
2026-09-27,coupang,231,03,ff526d4df55060759e0cb8ca,False,match_rejected,19700
2026-09-27,coupang,231,03,010978071b66497c0d716fda,False,low_price_outlier,5590
2026-09-27,coupang,231,03,ebb31b2263902b45449e02ed,False,low_price_outlier,6690
2026-09-27,coupang,245,00,4887518f5078331ec5d1898f,True,,3780
2026-09-27,coupang,245,00,d1df54df964ea822d9905be8,False,match_rejected,30100
2026-09-27,coupang,245,00,bdf98d6889ce72074dcf99f1,False,match_rejected,3680
2026-09-27,coupang,245,00,411a413621ef269210461a03,False,match_rejected,2053.333333333333333333333333
2026-09-27,coupang,245,00,c307e4fdd4a9c66a1f9bf617,False,match_rejected,1598
2026-09-27,coupang,245,00,17298162bcd2584fa2758bd4,False,match_rejected,2580
2026-09-27,coupang,245,00,bd890f0af5c387c1338bfea7,False,match_rejected,7700
2026-09-27,coupang,245,00,072427f66310ccbb9bb8a447,False,low_price_outlier,1804
2026-09-27,coupang,412,01,37fd7168c593d58fc8c67e87,True,,3.2990E+5
2026-09-27,coupang,412,01,535ef78080805983f3b6c76d,False,match_rejected,65000
2026-09-27,coupang,412,01,4edaf0b5b5a64e6602180a71,False,match_rejected,46900
2026-09-27,coupang,412,01,1bdeee5cf48049f916c60894,False,match_rejected,52200
2026-09-27,coupang,412,01,25375ac7ce07b00308f4bbe4,False,match_rejected,21800
2026-09-27,coupang,412,01,08d9e4f3df7601f1179ea148,False,match_rejected,38790
2026-09-27,coupang,412,01,d3e74817ce7753587b74c6b9,False,low_price_outlier,1.4900E+5
2026-09-27,coupang,211,03,9b8dcd4f94623fef9aee22a0,True,,17500
2026-09-27,coupang,211,03,1263b1e0ea3332768613657e,True,,19000
2026-09-27,coupang,211,03,1d4d07ae390946baeeb64b04,False,match_rejected,27900
2026-09-27,coupang,211,03,cfa5fbb2a7e5044e78042358,False,match_rejected,4470
2026-09-27,coupang,211,03,8a460312e79f7e91b2c5addb,False,match_rejected,7100
2026-09-27,coupang,211,03,174af0392ca2812aebc833db,False,low_price_outlier,11600
2026-09-27,coupang,211,03,3f1807adb9c368f4233bbe58,False,low_price_outlier,11600
2026-09-27,coupang,211,03,6927975bbb5c1fb12d3d0016,False,low_price_outlier,14900
2026-09-27,coupang,258,01,c9d2c2c518ca3a189b72668d,True,,11500
2026-09-27,coupang,258,01,ad7b4bb1eb3a5e56bafd857a,True,,11800
2026-09-27,coupang,258,01,74e7e83aa172e9c6bd2ca274,True,,13800
2026-09-27,coupang,258,01,4834bf3b9fe557caf559970e,False,match_rejected,9480
2026-09-27,coupang,258,01,1b0dc61ba8d3a1aa150bc054,False,match_rejected,9990
2026-09-27,coupang,258,01,693b0b9c2c3fed4edbc4d6e7,False,match_rejected,23500
2026-09-27,coupang,258,01,906fa6662f75e51cedb36cc2,False,low_price_outlier,9750
2026-09-27,coupang,258,01,bb0b9ca3b0174b2627d09a4f,False,low_price_outlier,9750
2026-09-27,coupang,411,05,abbe6da2c031e438dc86812a,True,,28600
2026-09-27,coupang,611,05,55a87aa7ea19c7fc614b7686,True,,1791
2026-09-27,coupang,611,05,b349027a755e8666b3dda608,False,match_rejected,6400
2026-09-27,coupang,611,05,a8151bfbe0426253959672dd,False,match_rejected,24750
2026-09-27,coupang,611,05,012389bf8ddc48835589a25d,False,match_rejected,34000
2026-09-27,coupang,611,05,b162b9e618036389b4232a89,False,match_rejected,19500
2026-09-27,coupang,611,05,1e8f1ffa64e4c64eff247531,False,match_rejected,71700
2026-09-27,coupang,111,10,5c8358f8b48ebd5f83ee929c,True,,34900
2026-09-27,coupang,111,10,1b5140de79426e502fe5155a,True,,35990
2026-09-27,coupang,111,10,b4dea1dd5c4bed1173a76fc0,True,,36900
2026-09-27,coupang,111,10,c93a15f9a605b0422e6e0325,False,match_rejected,36900
2026-09-27,coupang,111,10,33b76980b20f09297b2b9619,False,match_rejected,29900
2026-09-27,coupang,111,10,bb4fc0db08efec5b5e7913e4,False,match_rejected,32900
2026-09-27,coupang,111,10,73b36d18f04c63a8a3ca63af,False,low_price_outlier,28670
2026-09-27,coupang,111,10,b4706e8029945f26d6796bde,False,low_price_outlier,30400
2026-09-27,coupang,152,00,839064070304b2ab2e4be0ee,True,,6200
2026-09-27,coupang,152,00,8d3a1a7a4b8733fc6ff72c45,False,match_rejected,2590
2026-09-27,coupang,152,00,62087c1dd4dd9df09db41a50,False,match_rejected,2490
2026-09-27,coupang,152,00,1db74ca8ff386fbfb90b7f94,False,match_rejected,3480
2026-09-27,coupang,152,00,09fe801c9e2be20d445c221d,False,unavailable,2650
2026-09-27,coupang,152,00,bbb866616f4484246ea448d9,False,low_price_outlier,2213.333333333333333333333333
2026-09-27,coupang,152,00,b81d6491f98675d4010c4aae,False,low_price_outlier,2950
2026-09-27,coupang,152,00,639fae56b1eae245aa694d7b,False,low_price_outlier,4680
2026-09-27,coupang,225,00,d086791ec3648499a640a702,True,,14990
2026-09-27,coupang,225,00,24f47ca03e8bc742f3e46630,False,unavailable,5180
2026-09-27,coupang,225,00,5a5d818ce954e32cb767afe1,False,low_price_outlier,4104
2026-09-27,coupang,225,00,c7b954de399009b4400dcf3a,False,low_price_outlier,6533.333333333333333333333333
2026-09-27,coupang,225,00,3b3e8a0aa9ac5165e02935ba,False,low_price_outlier,7980
2026-09-27,coupang,225,00,e27f734c89b825dd28e022ef,False,low_price_outlier,8950
2026-09-27,coupang,225,00,1ae6b7f6ee4c44fdd4f7fead,False,low_price_outlier,8966.666666666666666666666667
2026-09-27,coupang,225,00,3bb8177032d79ab083a3c2a8,False,low_price_outlier,9900
2026-09-27,coupang,231,03,5a40a4be9673151b7d56b6d1,True,,6400
2026-09-27,coupang,231,03,7b042456054f6ad4b3c7e87a,False,match_rejected,2180
2026-09-27,coupang,231,03,35a6163da7db9be1caf8c4d2,False,match_rejected,3480
2026-09-27,coupang,231,03,1ad0cce9980e5d48d5dc8384,False,match_rejected,1350
2026-09-27,coupang,231,03,466a3ce7546354761b0b5475,False,match_rejected,1280
2026-09-27,coupang,245,00,7f538be2ac93c80a02f88949,True,,9400
2026-09-27,coupang,245,00,6ccb56ab77487ec69adea7a7,False,match_rejected,2580
2026-09-27,coupang,245,00,a3972f1c13d6936c0bb69694,False,match_rejected,5090
2026-09-27,coupang,245,00,fde3ccc7bf664e011f79b127,False,low_price_outlier,3100
2026-09-27,coupang,245,00,04e33a49d50d3430552ef7a0,False,low_price_outlier,3103.333333333333333333333333
2026-09-27,coupang,245,00,eade37df91711aeee0ea72ef,False,low_price_outlier,3235
2026-09-27,coupang,245,00,2f59b9a2a69bc1df2c3e60d1,False,low_price_outlier,3990
2026-09-27,coupang,245,00,0d73e2b642431cd9c72f8e99,False,low_price_outlier,4900
2026-09-27,coupang,412,01,dde61a5e993f9ed6dcbc04e1,True,,86900
2026-09-27,naver,225,00,49d87788c60805459e8b4d90,True,,9450
2026-09-27,naver,225,00,2b7b6bd330c902af378fdbf3,True,,10950
2026-09-27,naver,225,00,d0b15c53392f3ac151c3a9b2,False,match_rejected,2.4900E+5
2026-09-27,naver,225,00,abbfd8db78a226dbf5c0adab,False,low_price_outlier,3180
2026-09-27,naver,225,00,7d5d97454fec0028d8a2a64c,False,low_price_outlier,4780
2026-09-27,naver,225,00,a8e624789f0682709917bab3,False,low_price_outlier,5000
2026-09-27,naver,225,00,449650572e7679373c527c7d,False,low_price_outlier,7580
2026-09-27,naver,245,00,59d8a51d7923218fccd8eb09,True,,6.700E+4
2026-09-27,naver,245,00,da21eae6ad8abe61d0f102e4,False,low_price_outlier,1325
2026-09-27,naver,245,00,560ed53c1f64d3be1135689e,False,low_price_outlier,1420
2026-09-27,naver,245,00,9d31c306e419d10e9b77eebd,False,low_price_outlier,1900
2026-09-27,naver,245,00,bb3b3b102b8ec9f61c9817ed,False,low_price_outlier,2125
2026-09-27,naver,245,00,355c530ff788e62eafbb7d52,False,low_price_outlier,2280
2026-09-27,naver,245,00,759718915caef12ac716cafe,False,low_price_outlier,3000
2026-09-27,naver,245,00,20520cbe6195de8815fb0dc9,False,low_price_outlier,3966.666666666666666666666667
2026-09-27,naver,258,01,ae2bf4c258fc66a1b9515bd0,True,,1.800E+4
2026-09-27,naver,258,01,62d6ba03c4150199531c6e51,False,low_price_outlier,5250
2026-09-27,naver,258,01,f139b5f54e2c64375de6ba12,False,low_price_outlier,6750
2026-09-27,naver,258,01,b669d8dfffd525cb82c40326,False,low_price_outlier,7250
2026-09-27,naver,258,01,8988ba5c20f751548554461c,False,low_price_outlier,8750
2026-09-27,naver,258,01,92142399a773088c0d8af2e2,False,low_price_outlier,10700
2026-09-27,naver,258,01,968c6413f905b530009f6b4f,False,low_price_outlier,11100
2026-09-27,naver,258,01,a9224cc1fd8dcee6b96f4a9a,False,low_price_outlier,11200
2026-09-27,naver,152,00,5c71aee5dff6f296c5738424,True,,8000
2026-09-27,naver,152,00,c6906851b491623f98fe4038,False,match_rejected,3990
2026-09-27,naver,152,00,ce29935e128e300d2d549d03,False,match_rejected,5900
2026-09-27,naver,152,00,c4f0a58f4b12a532121f6e96,False,low_price_outlier,1700
2026-09-27,naver,152,00,097c39ba41f02db5e6802d47,False,low_price_outlier,2000
2026-09-27,naver,152,00,f62f83304953f09982acdd00,False,low_price_outlier,2100
2026-09-27,naver,152,00,cbe0e75462a594f5c47f3db5,False,low_price_outlier,2650
2026-09-27,naver,152,00,8f70dad9c33b3622e0548f69,False,low_price_outlier,6500
2026-09-27,naver,211,03,cab13ed1a3b32d39a9c2bea6,True,,8333.333333333333333333333333
2026-09-27,naver,211,03,bcb56223a9c4eae31e7179dd,True,,8600
2026-09-27,naver,211,03,eb294463ce06a42aae4147b8,True,,9466.666666666666666666666667
2026-09-27,naver,211,03,3c88800060e3c08713cde8f9,True,,9800
2026-09-27,naver,211,03,9c9fbbf19ba605a867052671,True,,9800
2026-09-27,naver,211,03,8fe3c8d5c6bfa4fcac8fafef,False,low_price_outlier,4400
2026-09-27,naver,211,03,a02d1d8ba0216c07032fef3c,False,low_price_outlier,6600
2026-09-27,naver,211,03,979113465c080cc6bf7f0d58,False,sample_limit,10610
2026-09-27,naver,231,03,9315fb79225411f3a00a54f9,True,,5600
2026-09-28,coupang,111,10,e8a719bf951f38878926dc9a,True,,61700
2026-09-28,coupang,111,10,42d97ddde985008051e7c407,False,match_rejected,29900
2026-09-28,coupang,111,10,2efb6adc94884a4f274d5d5c,False,match_rejected,36900
2026-09-28,coupang,111,10,3b39f0005c8ef6dbbefad13a,False,low_price_outlier,27900
2026-09-28,coupang,111,10,5c75b9a71456f4462a03a559,False,low_price_outlier,30400
2026-09-28,coupang,111,10,72f1f4baecbdc47f6c97bba6,False,low_price_outlier,33790
2026-09-28,coupang,111,10,cb9a27e375e807118dcafb1a,False,low_price_outlier,35990
2026-09-28,coupang,111,10,29256345a3c1ddfd7277e614,False,low_price_outlier,35990
2026-09-28,coupang,152,00,893bf01a8fb35033d044c021,True,,5400
2026-09-28,coupang,152,00,8c4871c2f809fd8ff27f59ef,True,,6166.666666666666666666666667
2026-09-28,coupang,152,00,60494fb540d9711309957520,False,match_rejected,2380
2026-09-28,coupang,152,00,07e425f54cdacad01f73d68f,False,match_rejected,2590
2026-09-28,coupang,152,00,a12dced79a5922fe31b5f93f,False,match_rejected,2490
2026-09-28,coupang,152,00,f2a9c695751b3ceed2f11aea,False,match_rejected,3480
2026-09-28,coupang,152,00,c93c4af1ef7c9a97aeb86a89,False,unavailable,5300
2026-09-28,coupang,152,00,e1f956077a4dcda92c3fe4ba,False,low_price_outlier,4680
2026-09-28,coupang,211,03,a43ec95576d569d87bb83040,True,,17500
2026-09-28,coupang,211,03,9bf79dc195e97f30ce0313b1,True,,19000
2026-09-28,coupang,211,03,6aaebfb8925b2545714dbdc9,False,match_rejected,27900
2026-09-28,coupang,211,03,d61afc63a57450b4221f91fe,False,match_rejected,8990
2026-09-28,coupang,211,03,06740a983d4bc8fc35476199,False,match_rejected,4470
2026-09-28,coupang,211,03,11226c843bc41166b69d0bec,False,low_price_outlier,11600
2026-09-28,coupang,211,03,01674515cff2ecce05eb8e4a,False,low_price_outlier,11600
2026-09-28,coupang,211,03,d187fe2621302ed8ee42e0fc,False,low_price_outlier,14900
2026-09-28,coupang,225,00,b026a13ec2891485704360e4,True,,13000
2026-09-28,coupang,225,00,9d562391ae9c9691872d432a,True,,14990
2026-09-28,coupang,225,00,9b9e7850f6c38015fccacd8f,False,match_rejected,8650
2026-09-28,coupang,225,00,7a520388eb687ce1dec5ce79,False,match_rejected,8650
2026-09-28,coupang,225,00,cb36710d3a6672a08a2fbb6d,False,match_rejected,8650
2026-09-28,coupang,225,00,b1db0c0e3ee1c4d8b001dcca,False,low_price_outlier,6780
2026-09-28,coupang,225,00,919619f40fa3542622096a6b,False,low_price_outlier,9900
2026-09-28,coupang,225,00,d2f32baa937585ce297604cf,False,low_price_outlier,11450
2026-09-28,coupang,231,03,25fc4a4e3c879e111ac1b9e2,True,,14395
2026-09-28,coupang,231,03,d2922fc750c1f52b442117d0,False,match_rejected,2180
2026-09-28,coupang,231,03,7ba125c4fb02046901682279,False,match_rejected,3480
2026-09-28,coupang,231,03,98c9b1a6602991b99c5ef8b5,False,match_rejected,1860
2026-09-28,naver,111,10,810a1b7b2d82767b719e498a,True,,39900
2026-09-28,naver,111,10,51ac6fe3662ec1c3127d93ad,True,,39900
2026-09-28,naver,111,10,055803c0fe07204e2233d8a5,True,,43500
2026-09-28,naver,111,10,de0149ca8bbca18ed03480f1,True,,43500
2026-09-28,naver,111,10,852dbcc7d9516088899b6703,True,,44900
2026-09-28,naver,111,10,901f403b1ad135f855ea0b0a,False,low_price_outlier,35900
2026-09-28,naver,111,10,fbe2cb643bc63064f4fc6d98,False,sample_limit,46900
2026-09-28,naver,111,10,ca7256742a687a997e21bd35,False,sample_limit,3.0300E+5
2026-09-28,naver,152,00,c5e716c816c57ca764d0d297,True,,11900
2026-09-28,naver,152,00,eaca2767a14fde3bf3efecc9,False,match_rejected,3990
2026-09-28,naver,152,00,10cda8c2c82279b590f8b1c9,False,match_rejected,5900
2026-09-28,naver,152,00,3c832265bdd82f03a2904b61,False,low_price_outlier,750
2026-09-28,naver,152,00,2986b6e0b605aeb1094abbe8,False,low_price_outlier,1800
2026-09-28,naver,152,00,8f73a0a1caf185d9afbbe423,False,low_price_outlier,1800
2026-09-28,naver,152,00,2175d7f7242b1076678a664e,False,low_price_outlier,6500
2026-09-28,naver,152,00,ca6ae7568f3a366dc80514b4,False,low_price_outlier,8000
2026-09-28,coupang,245,00,b447b827eeadcbcabc7ccaf3,True,,6600
2026-09-28,coupang,245,00,b361b0ec924b205e70699483,True,,6800
2026-09-28,coupang,245,00,24aeb704dc0dacc5821fb526,False,match_rejected,2580
2026-09-28,coupang,245,00,860983f6df0f6f5f32388e29,False,match_rejected,2180
2026-09-28,coupang,245,00,2f65277188b45276fe264332,False,low_price_outlier,2580
2026-09-28,coupang,245,00,087372f2c70f09b13e24eec3,False,low_price_outlier,3103.333333333333333333333333
2026-09-28,coupang,245,00,ca7ab596e83c91a39bc2ee6a,False,low_price_outlier,3990
2026-09-28,coupang,245,00,5ee93dab4584252b656a988d,False,low_price_outlier,4900
2026-09-28,coupang,258,01,b5facc507f366a6ff52d3630,True,,13800
2026-09-28,coupang,258,01,2c691605dff7e1a8096f0b00,True,,1.540E+4
2026-09-28,coupang,258,01,94686d5d8eeaf30eff8710ae,False,match_rejected,9480
2026-09-28,coupang,258,01,46b058bd2ea28c1f5283bd69,False,match_rejected,4200
2026-09-28,coupang,258,01,3e2cb00be32186a69444ec4b,False,match_rejected,9990
2026-09-28,coupang,258,01,2b71ecc108197a77d988ea47,False,low_price_outlier,9750
2026-09-28,coupang,258,01,4c0cf8dfd4da8767df68c4f9,False,low_price_outlier,11500
2026-09-28,coupang,258,01,e5832457bce0a88f3373a546,False,low_price_outlier,11800
2026-09-28,coupang,411,05,8b173dac0e5318007f94e0d5,True,,28600
2026-09-28,coupang,411,05,ad73dc76c74da1848049bb58,False,low_price_outlier,16900
2026-09-28,coupang,412,01,dde61a5e993f9ed6dcbc04e1,True,,86900
2026-09-29,naver,111,10,9869b267301041b51b408119,True,,37900
2026-09-29,naver,111,10,fb4ea3500343fa08a2e8e249,True,,39900
2026-09-29,naver,111,10,712792841590bf9e1409b990,True,,39900
2026-09-29,naver,111,10,67ddf937a5e5d6f43ee9370e,True,,44000
2026-09-29,naver,111,10,e0eed0dff620f9e99cb76c71,True,,44900
2026-09-29,naver,111,10,20b7a55b3b32f58060fd5306,False,match_rejected,39900
2026-09-29,naver,111,10,f1fb9b76bef926237285a381,False,match_rejected,43870
2026-09-29,naver,111,10,355b8f5916cd628b3395b937,False,low_price_outlier,32900
2026-09-29,coupang,111,10,d5544c7e400d08f12395f8c9,True,,45900
2026-09-29,coupang,111,10,af9f32a5ebe8ebaa343c9b88,True,,46900
2026-09-29,coupang,111,10,dba202e894b6298ea6fae517,False,low_price_outlier,25900
2026-09-29,coupang,111,10,684e0538242c86a879a9bf69,False,low_price_outlier,27900
2026-09-29,coupang,111,10,4a42c17d6d3b33aaee571ca7,False,low_price_outlier,29900
2026-09-29,coupang,111,10,90adc84ae0eb35e187120e8c,False,low_price_outlier,29900
2026-09-29,coupang,111,10,759bf44dc6845a6c92ff2d20,False,low_price_outlier,30400
2026-09-29,coupang,111,10,235c37eaecb664c49620b5ef,False,low_price_outlier,35990
2026-09-29,naver,152,00,a43b42cc774392b84097b384,True,,6200
2026-09-29,naver,152,00,db9a5943ea8f8e37ac7ad9a2,True,,6500
2026-09-29,naver,152,00,529b146f3254f57b3b8074da,True,,8000
2026-09-29,naver,152,00,5c91bbdcc20fdc95d8bd6402,False,match_rejected,3990
2026-09-29,naver,152,00,c56cc3c8f6cfaf0b9f42a57f,False,match_rejected,3990
2026-09-29,naver,152,00,d21cd80a22dc508255ce8d37,False,match_rejected,4990
2026-09-29,naver,152,00,459a0f0c0cabf937bd650d79,False,match_rejected,4990
2026-09-29,naver,152,00,ee2cc7befae563410ce6f44d,False,low_price_outlier,5180
2026-09-29,coupang,152,00,7008bfb70c95020cf6a93a87,True,,4600
2026-09-29,coupang,152,00,be4130a75694d8e6f69c54ab,True,,4680
2026-09-29,coupang,152,00,53162419d8a82e5daad0fb6e,False,match_rejected,2590
2026-09-29,coupang,152,00,90d0345fc3e112f7d33e4e9a,False,match_rejected,2490
2026-09-29,coupang,152,00,06510314790c049b1c9a26bf,False,match_rejected,3480
2026-09-29,coupang,152,00,6fc348eca8983ff2cb33dda5,False,match_rejected,4880
2026-09-29,coupang,152,00,f18cf6530a3e05ea56d7316c,False,match_rejected,3180
2026-09-29,coupang,152,00,48d3cf86e6a7892dab6811f6,False,match_rejected,3990
2026-09-29,naver,211,03,b63b34047ead982c25764e6b,True,,14900
2026-09-29,naver,211,03,5cdf0f303d044c8346a26be0,False,low_price_outlier,3000
2026-09-29,naver,211,03,2901bd8831687a5bb500d319,False,low_price_outlier,6600
2026-09-29,naver,211,03,b1c4a621e5f35fb66e1e007c,False,low_price_outlier,7466.666666666666666666666667
2026-09-29,naver,211,03,9f76d1b3d17081753892ec17,False,low_price_outlier,7566.666666666666666666666667
2026-09-29,naver,211,03,acd6b5ae2702c089856e84bb,False,low_price_outlier,8333.333333333333333333333333
2026-09-29,naver,211,03,ddf2fbefc89e932ad8040c7c,False,low_price_outlier,11166.66666666666666666666667
2026-09-29,naver,211,03,b581ae045f109270272ee306,False,low_price_outlier,12500
2026-09-29,coupang,211,03,8ab8f3e9e7fdd97d5466a89c,True,,19000
2026-09-29,coupang,211,03,42326fece2d6b7eb2c2e1615,False,match_rejected,10850
2026-09-29,coupang,211,03,2cac8efc9b4714452a8b93c3,False,match_rejected,5480
2026-09-29,coupang,211,03,1656775d22cbfb5197bc22bf,False,low_price_outlier,9610
2026-09-29,coupang,211,03,65a90a7b86d607a09ab7f3a8,False,low_price_outlier,11600
2026-09-29,coupang,211,03,a3efb8d4310d70767a8bf5f6,False,low_price_outlier,12500
2026-09-29,coupang,211,03,cd62187d0f1d4663078b62f1,False,low_price_outlier,13900
2026-09-29,naver,225,00,3f30d9bbe73da9d8d635c0a4,True,,31900
2026-09-29,naver,225,00,1f6740834ebe25351355247f,False,match_rejected,18900
2026-09-29,naver,225,00,c93d1cfea015d4751d3a6c1c,False,match_rejected,18900
2026-09-29,naver,225,00,49a0f74f506413742b15b437,False,match_rejected,14900
2026-09-29,naver,225,00,68c92e2fdd3c9cdb1b01fb6a,False,low_price_outlier,3380
2026-09-29,naver,225,00,b82ab8eeadfe080b4f5d105a,False,low_price_outlier,4166.666666666666666666666667
2026-09-29,naver,225,00,c04e5c6f96c5ac468a85c7b4,False,low_price_outlier,9900
2026-09-29,coupang,225,00,670e0cee23624f635af8b5d6,True,,8900
2026-09-29,coupang,225,00,6577a448d024f1500e4c67e1,True,,9900
2026-09-29,coupang,225,00,7072ffef0669aa98be3629a0,False,match_rejected,8650
2026-09-29,coupang,225,00,6a4ac51d45db7c111d523865,False,match_rejected,8650
2026-09-29,coupang,225,00,6d10a2f0fba0f96157067889,False,match_rejected,6650
2026-09-29,coupang,225,00,a4987e6307cd4db03992b540,False,match_rejected,8650
2026-09-29,coupang,225,00,735c12abf1a94a6acd7c1f01,False,low_price_outlier,3958
2026-09-29,coupang,225,00,4e6b3c57f7538a6a8f17adbc,False,low_price_outlier,6533.333333333333333333333333
2026-09-29,naver,231,03,e63f194b00cd7ff72f98355a,True,,5600
2026-09-29,coupang,231,03,fbb7a1af5f775effcf226633,True,,6400
2026-09-29,coupang,231,03,08d4c052b2f5c8f647f05a05,False,match_rejected,2180
2026-09-29,coupang,231,03,b6d88da47d7e137c6a4d4eb8,False,match_rejected,1860
2026-09-29,coupang,231,03,64cbdd9a47ee4b04f694451e,False,unavailable,3480
2026-09-29,naver,245,00,a5de29c3c42d1fdffcdf69de,True,,11000
2026-09-29,naver,245,00,39b6e55b15c5c0a04b939944,False,unavailable,16500
2026-09-29,naver,245,00,4861847b7804594b7f102ebf,False,low_price_outlier,1737.5
2026-09-29,naver,245,00,bf946af8e81a90474e01a194,False,low_price_outlier,5100
2026-09-29,naver,245,00,fcff42ce8ae92db0dbebdfb0,False,low_price_outlier,5900
2026-09-29,naver,245,00,e768262d8ac8cbf51d499c47,False,low_price_outlier,6500
2026-09-29,naver,245,00,76afb3df3687d26db4a04d11,False,low_price_outlier,9000
2026-09-29,coupang,245,00,bed5c03920766054a780f30b,True,,4900
2026-09-29,coupang,245,00,34ef99899eab798946c20590,False,match_rejected,2580
2026-09-29,coupang,245,00,9bdecf55c4e00f021ee7da90,False,match_rejected,2180
2026-09-29,coupang,245,00,5e73f87741316ed4e25fb04a,False,match_rejected,5090
2026-09-29,coupang,245,00,76d63efcc083518144e5450d,False,match_rejected,4590
2026-09-29,coupang,245,00,fdc4b27606fa859d23f1d36c,False,match_rejected,3290
2026-09-29,coupang,245,00,39968d0c017106e20a034aa5,False,match_rejected,5090
2026-09-29,coupang,245,00,55353f203a5468438a4491c7,False,low_price_outlier,3990
2026-09-29,naver,258,01,8bebbdd352403ad7447a65e9,True,,2.100E+4
2026-09-29,naver,258,01,424d9481eb521745dddd7dd6,False,match_rejected,14900
2026-09-29,naver,258,01,742a43ff202ba72cfab65c32,False,match_rejected,15900
2026-09-29,naver,258,01,0c71e69bc149832f03ac94c5,False,low_price_outlier,9900
2026-09-29,naver,258,01,e86fa847a9d1ff285117af36,False,low_price_outlier,11100
2026-09-29,naver,258,01,1a3479322068e8315cd715c1,False,low_price_outlier,11200
2026-09-29,naver,258,01,53b98f2ec1a48abf5f1ef313,False,low_price_outlier,12900
2026-09-29,naver,258,01,7bc8001d44031dc474e143c0,False,low_price_outlier,16500
2026-09-29,coupang,258,01,b49fd609337e34a391bc8c45,True,,11480
2026-09-29,coupang,258,01,62605417c5bf2db6a61c607b,True,,11500
2026-09-29,coupang,258,01,69a582a56d9901cc4d8b1c3a,True,,11800
2026-09-29,coupang,258,01,64b25bad151aaa8bc3663263,True,,13800
2026-09-29,coupang,258,01,7ed6bf47f097a7e8236d4c74,False,match_rejected,9480
2026-09-29,coupang,258,01,6491ebc2ca5c35718d978224,False,match_rejected,9990
2026-09-29,coupang,258,01,96a064965010ff19c39562dd,False,match_rejected,10980
2026-09-29,coupang,258,01,6c3ab3993bacbc2c4dbcaeb0,False,match_rejected,15980
2026-09-29,coupang,411,05,8df655310295f14cad8d24f5,True,,16900
2026-09-29,coupang,412,01,1dd9021a9eb47d803bda14e5,True,,5.2900E+5
2026-09-29,coupang,412,01,a0d84fb1e216399e8f85ff09,False,low_price_outlier,86800
2026-09-29,coupang,412,01,5a462eeda40ffdf1ca4fa877,False,low_price_outlier,86900
2026-09-30,naver,111,10,d650d072937b13d75cf7664d,True,,37900
2026-09-30,naver,111,10,f582cace9de8a8cd6b2a18a5,True,,39900
2026-09-30,naver,111,10,086779c1b5796b7785f10edd,True,,39900
2026-09-30,naver,111,10,7a345caad88d9e49a30ac03e,True,,43400
2026-09-30,naver,111,10,32fde0b9db7556bc9039cc8a,True,,44000
2026-09-30,naver,111,10,edc5d4d5e10953479919cb6e,False,match_rejected,39900
2026-09-30,naver,111,10,20c247090dc0e901da1ed5fc,False,low_price_outlier,32900
2026-09-30,naver,111,10,3e118cadafaeca3820cb6757,False,sample_limit,44900
2026-09-30,coupang,111,10,b687b893f7b0eccf837be352,True,,41990
2026-09-30,coupang,111,10,429b89ef629a3404a99abfc5,True,,45900
2026-09-30,coupang,111,10,facc01c405f12cbaff671ec6,True,,46900
2026-09-30,coupang,111,10,8a4f969cb0ce6346685e2da8,False,low_price_outlier,27900
2026-09-30,coupang,111,10,13f739b597a8a1145c1c752d,False,low_price_outlier,29900
2026-09-30,coupang,111,10,5f62930f4414fcf612b164e9,False,low_price_outlier,30400
2026-09-30,coupang,111,10,a42f3c65b8475656ed49492c,False,low_price_outlier,31900
2026-09-30,coupang,111,10,88eae0654e52775cc38a5cfc,False,low_price_outlier,35990
2026-09-30,naver,152,00,e154a98feeeafa13c519d10f,True,,6200
2026-09-30,naver,152,00,5db7024079e94df917c14af6,True,,6500
2026-09-30,naver,152,00,daffc14232fe5c5269501dfc,True,,6500
2026-09-30,naver,152,00,ea596bf9b7f9130d39bc702c,True,,8000
2026-09-30,naver,152,00,b2900535794f4bdad6784214,False,match_rejected,3990
2026-09-30,naver,152,00,a722a46c0bbf5363fbdadfae,False,match_rejected,4990
2026-09-30,naver,152,00,8cbaee169d9d3f8c69ad572e,False,match_rejected,3990
2026-09-30,naver,152,00,cd1af87d7798519b48b05298,False,match_rejected,4990
2026-09-30,coupang,152,00,0b70d8ee512fd736f681160f,True,,4680
2026-09-30,coupang,152,00,4a29b5e3577a92f9a97a7979,False,match_rejected,2590
2026-09-30,coupang,152,00,2c5db966fadc6212f5e594e7,False,match_rejected,2490
2026-09-30,coupang,152,00,5806de1893c293c357b067b8,False,match_rejected,3480
2026-09-30,coupang,152,00,b0f12740f5b19361e9a39fbe,False,match_rejected,3180
2026-09-30,coupang,152,00,a0dd828ebff683fc15ab2595,False,match_rejected,4880
2026-09-30,coupang,152,00,d5fb48ea587f535f24c07605,False,match_rejected,3990
2026-09-30,coupang,152,00,832ff9808f0b273e8069c63d,False,match_rejected,3280
2026-09-30,naver,211,03,c75b58f085c01dd906aadec7,True,,11166.66666666666666666666667
2026-09-30,naver,211,03,142b387c2d0c18f0427832b8,True,,12500
2026-09-30,naver,211,03,86e992926399dedb755f1dbb,True,,12900
2026-09-30,naver,211,03,928db547abf1284d64244056,False,low_price_outlier,3000
2026-09-30,naver,211,03,99ccc500640f474f6f6459da,False,low_price_outlier,6600
2026-09-30,naver,211,03,802a9a8e553ca3a496256b31,False,low_price_outlier,7233.333333333333333333333333
2026-09-30,naver,211,03,b63858be3fab487b267b7eae,False,low_price_outlier,8333.333333333333333333333333
2026-09-30,naver,211,03,584633d13e0300637b3a5ae4,False,low_price_outlier,9133.333333333333333333333333
2026-09-30,coupang,211,03,c3a4f59b4041192e3adb4e01,True,,19000
2026-09-30,coupang,211,03,9938c1ee105e444c0e46b647,False,match_rejected,10650
2026-09-30,coupang,211,03,705a27876dc55337047392d8,False,match_rejected,7320
2026-09-30,coupang,211,03,9f624db8da621f3314b452bd,False,match_rejected,5480
2026-09-30,coupang,211,03,b34dcba67412513ab68da786,False,low_price_outlier,9610
2026-09-30,coupang,211,03,be265def2e979903a60d05f8,False,low_price_outlier,11600
2026-09-30,coupang,211,03,b0b00214272e90c995110e93,False,low_price_outlier,12500
2026-09-30,coupang,211,03,5747bdbf3f341451f3b07de5,False,low_price_outlier,12900
2026-09-30,naver,225,00,1c0903043a2805b10cc73c83,True,,31900
2026-09-30,naver,225,00,05567cf406240a99c00e0ea3,False,match_rejected,17900
2026-09-30,naver,225,00,2da0aca7e24ab652b6aac4c5,False,match_rejected,17900
2026-09-30,naver,225,00,e7f8d8403347525737dfb8c6,False,low_price_outlier,3380
2026-09-30,naver,225,00,82007c0175254fac3b350e3f,False,low_price_outlier,4166.666666666666666666666667
2026-09-30,naver,225,00,8dda920e19760adc90088d88,False,low_price_outlier,9900
2026-09-30,naver,225,00,23c32cccf3026faac02323b4,False,low_price_outlier,10500
2026-09-30,coupang,225,00,d52ae86d585b8f5e6c066f1f,True,,8900
2026-09-30,coupang,225,00,6b2feb82fb8ebee5cd7a6cbe,True,,9900
2026-09-30,coupang,225,00,82e76577b6cea69999bee1fa,False,match_rejected,8390
2026-09-30,coupang,225,00,ef2fed769d8317dcbf6103e8,False,match_rejected,9650
2026-09-30,coupang,225,00,6eff540d2bb4cfa345ada5c9,False,match_rejected,6650
2026-09-30,coupang,225,00,e7b9fe5f3e40db89180513c1,False,match_rejected,8390
2026-09-30,coupang,225,00,002a05417302b0a179479079,False,unavailable,7.80E+3
2026-09-30,coupang,225,00,bf36f22d6282db1534d7289a,False,low_price_outlier,4104
2026-09-30,naver,231,03,459007d324e169deac81e30d,True,,5600
2026-09-30,coupang,231,03,168a8e03c364c5e430bd9851,True,,6400
2026-09-30,coupang,231,03,496e4a66c453fe6ea9f9711d,False,match_rejected,2180
2026-09-30,coupang,231,03,974edf1da61dc27b941c2d22,False,match_rejected,1860
2026-09-30,coupang,231,03,410bf82dfa43cda645118671,False,match_rejected,3480
2026-09-30,naver,245,00,556d06ad0fb9bab5150abe9a,True,,9000
2026-09-30,naver,245,00,32ea0e4315667b078ee144a6,False,unavailable,16500
2026-09-30,naver,245,00,5c5fcd5da011618c1333e4dd,False,low_price_outlier,1737.5
2026-09-30,naver,245,00,c1238ad9e78e8cf45e36fb5e,False,low_price_outlier,2166.666666666666666666666667
2026-09-30,naver,245,00,e05cd8e8231d9f26cd466deb,False,low_price_outlier,5100
2026-09-30,naver,245,00,d5b9d7ac75a72fadb2ed6ca1,False,low_price_outlier,5900
2026-09-30,naver,245,00,69e1a93636f3cfee246d61ee,False,low_price_outlier,6500
2026-09-30,coupang,245,00,0e159cf9d646b965f99ffe7b,True,,4900
2026-09-30,coupang,245,00,628d01926e9e5ccc55459c17,False,match_rejected,2580
2026-09-30,coupang,245,00,4f723d3bf0a0d7d9f29d34ae,False,match_rejected,2180
2026-09-30,coupang,245,00,b6edbd69e6a1f73ac67db9b5,False,match_rejected,5090
2026-09-30,coupang,245,00,9cd1a9ab1b4bcc55860b6cbe,False,match_rejected,4590
2026-09-30,coupang,245,00,c79cb37405b2c038b07185d7,False,match_rejected,3290
2026-09-30,coupang,245,00,fb718ad52b91aa5d4bc950d8,False,low_price_outlier,2226.666666666666666666666667
2026-09-30,coupang,245,00,4c6eef37da7280b5d804cfea,False,low_price_outlier,3990
2026-09-30,naver,258,01,7cf291cee4cb20782610b67d,True,,2.100E+4
2026-09-30,naver,258,01,87636b7e7ddfc0ca81dccb4a,False,match_rejected,14900
2026-09-30,naver,258,01,d1c146f21ab621866bfadb78,False,match_rejected,15900
2026-09-30,naver,258,01,abf9fd1339e482ca63e58910,False,low_price_outlier,9900
2026-09-30,naver,258,01,5d573ad54e4f24223fb58760,False,low_price_outlier,11100
2026-09-30,naver,258,01,c4c8f0c7469d367a1d7f330a,False,low_price_outlier,11200
2026-09-30,naver,258,01,34e48c10e66c831fd3b84d8a,False,low_price_outlier,12900
2026-09-30,naver,258,01,aecb72eb983b0560bf5878f7,False,low_price_outlier,16500
2026-09-30,coupang,258,01,2cadee6ba41d1d7dc66c944e,True,,11500
2026-09-30,coupang,258,01,e804977ed35ef565f3962e09,True,,11800
2026-09-30,coupang,258,01,e224ad8f4dbe085a28d025b9,True,,13800
2026-09-30,coupang,258,01,2c464f15ae47f6dc23513ed5,False,match_rejected,9480
2026-09-30,coupang,258,01,2a6bada0d6dbe2317f0eb4e3,False,match_rejected,9990
2026-09-30,coupang,258,01,902070feecf3399cc5bea9cc,False,match_rejected,10980
2026-09-30,coupang,258,01,4fc0ae190db6a92d02da529f,False,match_rejected,15980
2026-09-30,coupang,258,01,58e5843797584cceeaab718a,False,match_rejected,18390
2026-09-30,coupang,411,05,c88accbcf86a3adef3f2aa33,True,,16900
2026-09-30,coupang,412,01,5eea7d7e7267113b96558024,True,,86800
2026-09-30,coupang,412,01,61ad6b7fe21a0a9b1c7e6fce,True,,86900
2026-09-30,coupang,412,01,8f6bff21209083a47820d856,False,low_price_outlier,64000
2026-09-30,coupang,611,05,e655e3edeefe6054994ebf8e,True,,1658.333333333333333333333333
2026-09-30,coupang,611,05,1b7b1e9722904a6012cb39ed,True,,1791
2026-09-30,coupang,611,05,fa1a90d308d7b6e0bc854457,False,match_rejected,4800
2026-09-30,coupang,611,05,7a12467a59307f07bc3dcd0b,False,match_rejected,8050
2026-09-30,coupang,611,05,fbbef436cb36ad204fcd08c9,False,match_rejected,38000
2026-09-30,coupang,611,05,f6db0d5f57412c3fb38ff1e4,False,match_rejected,28900
2026-09-30,coupang,611,05,eef6da40f95fcce58ee632e0,False,match_rejected,6710
2026-10-01,naver,111,10,5687df3330157ff9b3382164,True,,35900
2026-10-01,naver,111,10,f2feaf1ff556cb8f4d80dff3,True,,37900
2026-10-01,naver,111,10,f1a4ac50d0b02d56bbfd50b1,True,,39900
2026-10-01,naver,111,10,85990ccfb5275cbb8b79c189,True,,39900
2026-10-01,naver,111,10,e285c68928272b8a5487ca3b,True,,44000
2026-10-01,naver,111,10,dc280974a6deea9e1d32570e,False,match_rejected,46300
2026-10-01,naver,111,10,ef34dabc7efd821acd4fcd3d,False,match_rejected,39900
2026-10-01,naver,111,10,fef003cc7fc3d243e4a44f62,False,low_price_outlier,32900
2026-10-01,naver,111,10,e35612fa508d4ed556a39502,False,sample_limit,44900
2026-10-01,naver,111,10,4af8c4a198b5ff83e3c09c7c,False,sample_limit,46300
2026-10-01,coupang,111,10,16172bf227cd89107d6f710f,True,,30400
2026-10-01,coupang,111,10,8a61b18020ff63bcc2ea9571,True,,31900
2026-10-01,coupang,111,10,7e9bbd45355a6e8af26f3d26,True,,33900
2026-10-01,coupang,111,10,d57d6cceafe604d74c685095,True,,33900
2026-10-01,coupang,111,10,e68e4b5b02e22c6ec7d138f0,True,,35990
2026-10-01,coupang,111,10,912e5ac81683dc0711cc9604,False,low_price_outlier,27800
2026-10-01,coupang,111,10,5963df222b8fb399f0380594,False,sample_limit,38900
2026-10-01,coupang,111,10,419a74b40405f0559cb64dac,False,sample_limit,46900
2026-10-01,naver,152,00,65303a84806b8db885e7c2a1,True,,6000
2026-10-01,naver,152,00,61d6cf475ea0465ecac83580,True,,6200
2026-10-01,naver,152,00,b68bbdb4dde5c82c6ae8d27f,True,,6500
2026-10-01,naver,152,00,5025cb708f052f0a05975f43,True,,6500
2026-10-01,naver,152,00,38143c50fcc3b247d79bb15e,True,,6900
2026-10-01,naver,152,00,64b9b34c0ac243a39e2ff408,False,match_rejected,3990
2026-10-01,naver,152,00,671b5b12cc7dea452c201d13,False,match_rejected,4990
2026-10-01,naver,152,00,b547451b1032a9fb6f75b442,False,match_rejected,3990
2026-10-01,naver,152,00,443c03b5b829fe462a597162,False,match_rejected,4990
2026-10-01,naver,152,00,5db8fe4178d9347b1c777e80,False,sample_limit,8000
2026-10-01,naver,152,00,f512913fb0d1f7fac0d681b6,False,sample_limit,8100
2026-10-01,naver,152,00,ca39ab7cb4df832b8d9b651b,False,sample_limit,13400
2026-10-01,coupang,152,00,f5965a6e05092790530e9155,True,,5380
2026-10-01,coupang,152,00,8432f2dc199932d4541af80b,True,,5400
2026-10-01,coupang,152,00,5cd9ce2c0743529f77ea2bd2,True,,5720
2026-10-01,coupang,152,00,3bc4b78956dc4a3441847960,True,,6220
2026-10-01,coupang,152,00,fe6be55c6b158cab4268153e,True,,6470
2026-10-01,coupang,152,00,4bc54205e5355d649ed8988b,False,match_rejected,2590
2026-10-01,coupang,152,00,d7250377392f0a71fc29ee16,False,match_rejected,2490
2026-10-01,coupang,152,00,f0771db36c01ba0bc29caac9,False,match_rejected,3480
2026-10-01,coupang,152,00,16201aa216601f2e7999258c,False,match_rejected,4880
2026-10-01,coupang,152,00,76e05dcb1652b0b0386f8d16,False,match_rejected,3180
2026-10-01,coupang,152,00,6e114e29f66e45a82a31fe45,False,match_rejected,3990
2026-10-01,coupang,152,00,386ba2aff1e7841183e63e0d,False,match_rejected,3280
2026-10-01,coupang,152,00,4a9784490f6f7875c3615f48,False,match_rejected,2480
2026-10-01,coupang,152,00,2998c10c12af75a41c5392d5,False,match_rejected,4170
2026-10-01,coupang,152,00,d6804374cc64aa899d636264,False,match_rejected,3660
2026-10-01,coupang,152,00,49f30705b275cacf104900d3,False,low_price_outlier,1580
2026-10-01,coupang,152,00,42f845abb279d92ed29d2180,False,low_price_outlier,4460
2026-10-01,coupang,152,00,d6b95c6d86a838118f097924,False,low_price_outlier,4680
2026-10-01,naver,211,03,beca6b7b063b66f85ddd52e5,True,,12500
2026-10-01,naver,211,03,464cc9aa459054065b4ad391,True,,12900
2026-10-01,naver,211,03,db440046906fd921ea774354,False,low_price_outlier,3000
2026-10-01,naver,211,03,e87c40604383e0d9faa96980,False,low_price_outlier,3000
2026-10-01,naver,211,03,1fb97faad2640c5d58030cef,False,low_price_outlier,6600
2026-10-01,naver,211,03,8e0263c5d3f0ffae57bb0c03,False,low_price_outlier,7233.333333333333333333333333
2026-10-01,naver,211,03,e6dddf4055119233f8bf2948,False,low_price_outlier,8333.333333333333333333333333
2026-10-01,naver,211,03,7336d0fb1cddd9510e3d3cdb,False,low_price_outlier,9133.333333333333333333333333
2026-10-01,coupang,211,03,2133b0dc9cfe8e26a8687106,True,,12500
2026-10-01,coupang,211,03,e5dbeff1056da2e35a34392b,True,,12900
2026-10-01,coupang,211,03,333f51878f446f0b64bcf350,False,low_price_outlier,8500
2026-10-01,coupang,211,03,c452a19afd716dbc5e1bf679,False,low_price_outlier,10440
2026-10-01,naver,225,00,b8db26f4986542076f6c4e91,True,,9300
2026-10-01,naver,225,00,ffaf9d7f34f6877fdb8d2e7b,True,,9900
2026-10-01,naver,225,00,ba6fa21c81f626043bef1b1c,True,,10500
2026-10-01,naver,225,00,b4ae88ba7d9eb61101ec2733,False,match_rejected,17900
2026-10-01,naver,225,00,3f5c0ae25c19077ae33171cc,False,match_rejected,17900
2026-10-01,naver,225,00,aea6ae03cfa7d926d71c49a1,False,match_rejected,14900
2026-10-01,naver,225,00,ae4584dc9013db723ec47dce,False,low_price_outlier,1980
2026-10-01,coupang,225,00,e9f481f54aac003269a0e6e6,True,,8300
2026-10-01,coupang,225,00,283dad3b71df1feb8667af2a,True,,8900
2026-10-01,coupang,225,00,31b75da8966cd8c615926cd8,True,,8900
2026-10-01,coupang,225,00,0cff84fc33db8bf41f731ba6,True,,8900
2026-10-01,coupang,225,00,b25095a17b5e5ae49a318ebd,True,,9900
2026-10-01,coupang,225,00,e3e4f715b7c85330298baf91,False,match_rejected,8250
2026-10-01,coupang,225,00,fcf703cd6edd86915ff5f0a4,False,match_rejected,8550
2026-10-01,coupang,225,00,cf1f1a8091d805d1b2905f67,False,match_rejected,8310
2026-10-01,coupang,225,00,999d59818849a5158761137d,False,match_rejected,8250
2026-10-01,coupang,225,00,5c21adf07665873623fbdd25,False,match_rejected,6990
2026-10-01,coupang,225,00,ae79df7de92282881f4b206a,False,low_price_outlier,3958
2026-10-01,coupang,225,00,8f74feded98130d4c02f39dd,False,low_price_outlier,4104
2026-10-01,coupang,225,00,ef98284da124d4b87da1d5f0,False,low_price_outlier,6980
2026-10-01,naver,231,03,85d79194aae09460f51d9d1b,True,,5600
2026-10-01,coupang,231,03,c814bfe8ff929dd2a5900cfe,True,,6120
2026-10-01,naver,245,00,0c47215812e8b0a9ecbceb7f,True,,9000
2026-10-01,naver,245,00,c2c3613aa304b0d8558b1b5f,True,,9900
2026-10-01,naver,245,00,8478b77341baf2743c19415a,False,unavailable,16500
2026-10-01,naver,245,00,81ae59ea0a8fc43ba0925388,False,low_price_outlier,4800
2026-10-01,naver,245,00,a6e03a16a5f369be2bd47346,False,low_price_outlier,5100
2026-10-01,naver,245,00,247ccc7ee10ccf4e78248cdb,False,low_price_outlier,5900
2026-10-01,naver,245,00,00a8059e8672dccfc5584b18,False,low_price_outlier,5900
2026-10-01,naver,245,00,94e5e08a17e8bba5bb2e0dcb,False,low_price_outlier,6500
2026-10-01,naver,245,00,d2d4f0eac99233709361c9b2,False,low_price_outlier,6500
2026-10-01,coupang,245,00,6bf313aeedfedc2b65bc4bb5,True,,5800
2026-10-01,coupang,245,00,35a9856a5083a1b5f16615e4,True,,6130
2026-10-01,coupang,245,00,d69cf26a367571e1537f5179,True,,6380
2026-10-01,coupang,245,00,11c1db3a0191c4f53dbbc947,True,,6500
2026-10-01,coupang,245,00,99b7c8d68ce44496d3514ad6,True,,6800
2026-10-01,coupang,245,00,b847ddcb49d61d2f425c4a93,False,match_rejected,2580
2026-10-01,coupang,245,00,f67126ac8ba227b38849b744,False,match_rejected,2180
2026-10-01,coupang,245,00,b7452d3d8831552b2adf2f28,False,match_rejected,5090
2026-10-01,coupang,245,00,95e1122b251bafafaa74cdec,False,match_rejected,4590
2026-10-01,coupang,245,00,ec562ea767264cea23ae26a2,False,match_rejected,3290
2026-10-01,coupang,245,00,16ffec5cdb3b5aac95db1647,False,match_rejected,5090
2026-10-01,coupang,245,00,389f9de915f774b5befbb0d4,False,match_rejected,4590
2026-10-01,coupang,245,00,ae8f5e45a83a67ee77f77fe2,False,match_rejected,2053.333333333333333333333333
2026-10-01,coupang,245,00,264a7112c3539764d102cb70,False,match_rejected,6290
2026-10-01,coupang,245,00,4489a10b35cafa8bfde17bb7,False,low_price_outlier,2226.666666666666666666666667
2026-10-01,coupang,245,00,8ec71e51ed8b169ebec13400,False,low_price_outlier,3990
2026-10-01,coupang,245,00,097f60f5188e37f3b7b078ed,False,low_price_outlier,4900
2026-10-01,naver,257,00,412295d4e779576deddfc5f0,True,,11500
2026-10-01,naver,258,01,d2ff945c92e7470b9b7d15d7,True,,9900
2026-10-01,naver,258,01,17958cf67dd8cc896adb7ef3,True,,11100
2026-10-01,naver,258,01,d659aa0000e7516a847ccebd,True,,11200
2026-10-01,naver,258,01,1f581b357bf1866c339ce956,True,,11200
2026-10-01,naver,258,01,37b2f50504bf7a88dd46405d,True,,11400
2026-10-01,naver,258,01,8a34498ab37825a598a09300,False,match_rejected,14900
2026-10-01,naver,258,01,c0c3149287a5eb6e1be07867,False,match_rejected,15900
2026-10-01,naver,258,01,e2efed4b8643905b50c887e4,False,sample_limit,12900
2026-10-01,naver,258,01,f7fd6aa4b2b5de17739487bd,False,sample_limit,13000
2026-10-01,naver,258,01,aef045d5ac885d59746e6ea5,False,sample_limit,16500
2026-10-01,coupang,258,01,4a074fb83dc6baaa5bf1d48f,True,,10800
2026-10-01,coupang,258,01,9107abd3783258a922b9d80b,True,,11100
2026-10-01,coupang,258,01,7153382f0c3fb0e9b1244035,True,,11500
2026-10-01,coupang,258,01,e2256d7c52d7a709a70a9f21,True,,11800
2026-10-01,coupang,258,01,d76e170385a57aada0292194,True,,11900
2026-10-01,coupang,258,01,09f1e8c3383b538a076f2a9b,False,match_rejected,9480
2026-10-01,coupang,258,01,2ba09acbf378877c71ed3e05,False,match_rejected,9990
2026-10-01,coupang,258,01,c5b0e0a9ae873944a504def8,False,match_rejected,10980
2026-10-01,coupang,258,01,6f1df543037169f309daeb13,False,match_rejected,15980
2026-10-01,coupang,258,01,9b0e4aab0baa2cf2be1f5e09,False,sample_limit,12280
2026-10-01,coupang,258,01,62fc920850311031893291d0,False,sample_limit,13800
2026-10-01,coupang,258,01,2fae9dbc85ab2b1d11f57258,False,sample_limit,15800
2026-10-01,coupang,412,01,53a83c624df2dbbf8ca1ce28,True,,63000
2026-10-01,coupang,412,01,f4d13bee456fed7941b0e845,True,,64000
2026-10-01,coupang,611,05,666a7db765ade12e84aa11fd,True,,1990
2026-10-01,coupang,611,05,a9620cfa119113b012456373,True,,2080
2026-10-01,coupang,611,05,52fbb19f0451ea4fc81e0451,False,match_rejected,4800
2026-10-01,coupang,611,05,444552552916836f3964ad6f,False,match_rejected,10400
2026-10-01,coupang,611,05,0a2150602d8e3b1b6e12bbda,False,match_rejected,4025
2026-10-01,coupang,611,05,19868c16c40500a1cac1b534,False,match_rejected,3200
2026-10-01,coupang,611,05,cc7d487ff83674c300a7ae06,False,match_rejected,2780
2026-10-01,coupang,611,05,83d2dbcb302ac0de7b5ee794,False,match_rejected,7250
2026-10-01,coupang,611,05,f361698c8d4ae54e39332d82,False,match_rejected,4845
2026-10-01,coupang,611,05,742eaead206ac1d0cc757524,False,unavailable,10200
2026-10-02,naver,111,10,cdbb29adabab93d262f3b27e,True,,37900
2026-10-02,naver,111,10,e6266cdb99622d1fa6793a80,True,,39900
2026-10-02,naver,111,10,058e33fad391ad7a511da732,True,,39900
2026-10-02,naver,111,10,ca3189adf993c002e20f098f,True,,43900
2026-10-02,naver,111,10,d96dbabf12967fd175b31bd6,True,,44000
2026-10-02,naver,111,10,ed4bc1f32cb6e76039f2bae8,False,match_rejected,43870
2026-10-02,naver,111,10,8ed111a06905d57a90022f5d,False,match_rejected,39900
2026-10-02,naver,111,10,2c9be0b811415e10f7c943ca,False,low_price_outlier,32900
2026-10-02,naver,111,10,8e5823b4159725f84dc3f25d,False,sample_limit,44900
2026-10-02,naver,111,10,e61545bfa55e0e2a06a4930a,False,sample_limit,46300
2026-10-02,coupang,111,10,8d437e6f578cf6825e5bc72b,True,,62120
2026-10-02,coupang,111,10,9c3c9462b216523abe1c5ab4,False,low_price_outlier,27800
2026-10-02,coupang,111,10,cfed833e1d0d205b58a953cc,False,low_price_outlier,29900
2026-10-02,coupang,111,10,118862e96ea46708b10a4594,False,low_price_outlier,30400
2026-10-02,coupang,111,10,1ef1ba9031d5340ddb8e5d59,False,low_price_outlier,35900
2026-10-02,coupang,111,10,f8244ddf0025b848750bd81c,False,low_price_outlier,35990
2026-10-02,coupang,111,10,33a8cbbbf1073d0fe0616a19,False,low_price_outlier,38900
2026-10-02,coupang,111,10,0a85a499ebba9704fb4e3fdf,False,low_price_outlier,46900
2026-10-02,naver,152,00,ea12c539e15ff97152129267,True,,6000
2026-10-02,naver,152,00,0c683c6f68eabb355f119afd,True,,6200
2026-10-02,naver,152,00,b50b5704e43f2b96292b7469,True,,6500
2026-10-02,naver,152,00,ac18c309bd97c872f0c0cd29,True,,6500
2026-10-02,naver,152,00,580fff4b7577fedc89d1b4ae,True,,6900
2026-10-02,naver,152,00,16e56472a5e90e7f1c2293de,False,match_rejected,3990
2026-10-02,naver,152,00,11f38b16be0d305f83893da9,False,match_rejected,4990
2026-10-02,naver,152,00,8df0adcfc3f6af759753cf1f,False,match_rejected,3990
2026-10-02,naver,152,00,df7d2022c103607b831df594,False,match_rejected,4990
2026-10-02,naver,152,00,11f1380e0b9c202d90aa99a1,False,match_rejected,3980
2026-10-02,naver,152,00,696e9380196851396cefabf6,False,sample_limit,8000
2026-10-02,naver,152,00,08d8fdab1d7e9fbb3b79d631,False,sample_limit,8100
2026-10-02,naver,152,00,339e83f7ddd12d8c917c3ebf,False,sample_limit,13400
2026-10-02,coupang,152,00,8432f2dc199932d4541af80b,True,,5400
2026-10-02,coupang,152,00,bb89605bdc5b3c886bf6628d,True,,5720
2026-10-02,coupang,152,00,9efd677e39531ddec32a819b,True,,5800
2026-10-02,coupang,152,00,3bc4b78956dc4a3441847960,True,,6220
2026-10-02,coupang,152,00,fe6be55c6b158cab4268153e,True,,6470
2026-10-02,coupang,152,00,fbde8339ff9ca1bba9443bd3,False,match_rejected,2590
2026-10-02,coupang,152,00,10d1b7a4015f9fccc3052cbb,False,match_rejected,2490
2026-10-02,coupang,152,00,7691e7e5cf52907f17fdb1c1,False,match_rejected,3480
2026-10-02,coupang,152,00,b07a82c8cd185fa750438496,False,match_rejected,4880
2026-10-02,coupang,152,00,bf1ce302b4553c9db37dacff,False,match_rejected,3180
2026-10-02,coupang,152,00,7c29367d70cefbba946ddd67,False,match_rejected,3990
2026-10-02,coupang,152,00,fe491a09805345d8f9a18c2e,False,match_rejected,3280
2026-10-02,coupang,152,00,ebe5a4dc3cb92bd52c7ec7e4,False,match_rejected,4170
2026-10-02,coupang,152,00,ad08a0860c162f3a8d1b2f4a,False,match_rejected,3660
2026-10-02,coupang,152,00,e4274e938bd00e3df2aa762f,False,match_rejected,2480
2026-10-02,coupang,152,00,5314ac2975197716fc1d1596,False,low_price_outlier,1580
2026-10-02,coupang,152,00,1fbce7533bc579a4bfb2a764,False,low_price_outlier,4460
2026-10-02,coupang,152,00,d6b95c6d86a838118f097924,False,low_price_outlier,4680
2026-10-02,naver,211,03,32152046394348b84278ed23,True,,12500
2026-10-02,naver,211,03,1663ce8b00c333200a711d89,False,low_price_outlier,3000
2026-10-02,naver,211,03,65ec12cc174f18fe4a3eb8e1,False,low_price_outlier,5833.333333333333333333333333
2026-10-02,naver,211,03,991b2164c7d2701db5aa33b7,False,low_price_outlier,6600
2026-10-02,naver,211,03,4a04c472d1c1a3aa7f23593c,False,low_price_outlier,7233.333333333333333333333333
2026-10-02,naver,211,03,a5754277cca5bd63a2c1ac0c,False,low_price_outlier,8333.333333333333333333333333
2026-10-02,naver,211,03,15ce406b3dcac081efe9a2f8,False,low_price_outlier,9200
2026-10-02,naver,211,03,5a33d83becf84cc36567ab6e,False,low_price_outlier,9466.666666666666666666666667
2026-10-02,coupang,211,03,2133b0dc9cfe8e26a8687106,True,,12500
2026-10-02,coupang,211,03,711b57080ef41a85395b751e,True,,12900
2026-10-02,coupang,211,03,333f51878f446f0b64bcf350,False,low_price_outlier,8500
2026-10-02,coupang,211,03,e7cb86037fd824377b0a1955,False,low_price_outlier,10440
2026-10-02,naver,225,00,b05c2d9732e1433ea29a7745,True,,9300
2026-10-02,naver,225,00,5353097d8516e051446be87d,True,,9900
2026-10-02,naver,225,00,a8a7107fed89c2b9c6fa6655,False,match_rejected,17900
2026-10-02,naver,225,00,c2fb96e4a6a99e704d9f9491,False,match_rejected,17900
2026-10-02,coupang,225,00,3b952380c1f247b64f10d185,True,,8300
2026-10-02,coupang,225,00,e0351336c9e1ab86c72bd0ee,True,,8900
2026-10-02,coupang,225,00,99a089b3a88a30667ae93c6f,True,,8900
2026-10-02,coupang,225,00,78babecb6de936e35fd47a25,True,,8900
2026-10-02,coupang,225,00,493f5171bf307b7b0770515e,True,,9900
2026-10-02,coupang,225,00,9250643e5e05aaea774516ee,False,match_rejected,8250
2026-10-02,coupang,225,00,130b5e6ba04705ac075aad8a,False,unavailable,6980
2026-10-02,coupang,225,00,f82011d3d1293055e3c64db7,False,match_rejected,9250
2026-10-02,coupang,225,00,8678fd16517a342dc1390303,False,match_rejected,8310
2026-10-02,coupang,225,00,9b6e1359e820ed8956de1d28,False,match_rejected,8250
2026-10-02,coupang,225,00,18e5a779482d3438c9aef690,False,match_rejected,6990
2026-10-02,coupang,225,00,2263e5faa3bdc3921523bb70,False,low_price_outlier,3580
2026-10-02,coupang,225,00,158095ef9149f8c7544544a9,False,low_price_outlier,3700
2026-10-02,coupang,225,00,262cff4334c1ba070691d5e6,False,low_price_outlier,4104
2026-10-02,coupang,231,03,5d9de5b343f966615939216e,True,,6120
2026-10-02,naver,245,00,e14e458a70b309d22eeee9b5,True,,9000
2026-10-02,naver,245,00,e018ae14e30d8bb29177452e,True,,9900
2026-10-02,naver,245,00,f1c0aeababcf7224d6e319ee,False,unavailable,16500
2026-10-02,naver,245,00,dc4a5d025696dfedc68b246f,False,low_price_outlier,4800
2026-10-02,naver,245,00,383dfe1dfad1e00ed1d3782d,False,low_price_outlier,5100
2026-10-02,naver,245,00,8691d661d79e3793cc6ceecc,False,low_price_outlier,5900
2026-10-02,naver,245,00,80264a8c891aeb86858cc7cb,False,low_price_outlier,5900
2026-10-02,naver,245,00,a6742aec8c55b3670a109ebb,False,low_price_outlier,6290
2026-10-02,naver,245,00,52ff1e00335b7d6d40deadc7,False,low_price_outlier,6500
2026-10-02,coupang,245,00,87121a771f7e77fca2d364e5,True,,5590
2026-10-02,coupang,245,00,35a9856a5083a1b5f16615e4,True,,6130
2026-10-02,coupang,245,00,855ec110837093cb4c9cc201,True,,6500
2026-10-02,coupang,245,00,b08c7527b3347aed1f37339c,True,,6500
2026-10-02,coupang,245,00,5702f6f0cad4b148a5afa023,True,,6800
2026-10-02,coupang,245,00,e897aa2b3473b8b4b50cbbf8,False,match_rejected,2580
2026-10-02,coupang,245,00,f97b18eb6101d50ec977cbc6,False,match_rejected,2180
2026-10-02,coupang,245,00,9920365b8ed9d3b8b6e8ff93,False,match_rejected,5090
2026-10-02,coupang,245,00,9b0f9d6863f963e05d7532dc,False,match_rejected,4590
2026-10-02,coupang,245,00,472fd1274c6c3c2fcc6ff877,False,match_rejected,3290
2026-10-02,coupang,245,00,56174bcdaf0370027eeda694,False,match_rejected,5090
2026-10-02,coupang,245,00,cf4e40416dc0525829240818,False,match_rejected,6290
2026-10-02,coupang,245,00,100ac7c8c94568823eed03d4,False,match_rejected,2053.333333333333333333333333
2026-10-02,coupang,245,00,1e6aafe7ab69f0fdbf0947f6,False,low_price_outlier,2226.666666666666666666666667
2026-10-02,coupang,245,00,dbc725c458f0ed5b3a6e6f69,False,low_price_outlier,3990
2026-10-02,coupang,245,00,6289a332788c93cf129c8d1a,False,low_price_outlier,4900
2026-10-02,naver,257,00,228a3084a9d337c4b269701b,True,,9900
2026-10-02,naver,257,00,eb78fe2e5b1f775761305dfe,True,,11500
2026-10-02,naver,258,01,6081cc53e981969c182544f1,True,,12900
2026-10-02,naver,258,01,20ba59e18359c6245158317d,True,,12950
2026-10-02,naver,258,01,6d6470e364ba9406966176fb,True,,13000
2026-10-02,naver,258,01,c983c9bdeb72d6dc5027fe8f,True,,16500
2026-10-02,naver,258,01,fe340d24b6980feebeefc2d1,False,match_rejected,14900
2026-10-02,naver,258,01,525a998863525a29af1837e8,False,match_rejected,15900
2026-10-02,naver,258,01,2234bb9eadc7adc3105f19d9,False,low_price_outlier,8500
2026-10-02,naver,258,01,f8e4067a994627df2a0618a9,False,low_price_outlier,9900
2026-10-02,naver,258,01,878b06d521ead8ffb29b8d8a,False,low_price_outlier,11100
2026-10-02,naver,258,01,487dfa61869a8b7d23885af0,False,low_price_outlier,11400
2026-10-02,coupang,258,01,03cea53bd969cabb67623ae0,True,,10800
2026-10-02,coupang,258,01,9658cb82843a764aefaa9e2d,True,,11100
2026-10-02,coupang,258,01,59d2a77fcaa5758e5019eeac,True,,11500
2026-10-02,coupang,258,01,b4e33102ca5b8a6e5938659d,True,,11800
2026-10-02,coupang,258,01,89ad8f2e5918bf057e870513,True,,11900
2026-10-02,coupang,258,01,95a422c102585d427592b8fe,False,match_rejected,9480
2026-10-02,coupang,258,01,fea90fefc96467897b8702fe,False,match_rejected,9990
2026-10-02,coupang,258,01,7de660fc5c4de51cfe011010,False,match_rejected,10980
2026-10-02,coupang,258,01,0d19a9a7c7eb594d137c0579,False,match_rejected,15980
2026-10-02,coupang,258,01,4b95b29e2ee1e3a5c23642de,False,sample_limit,11900
2026-10-02,coupang,258,01,a8099e49fc3b2bc9aaee32da,False,sample_limit,13800
2026-10-02,coupang,258,01,9a55e071aa18aae0263e2b02,False,sample_limit,15800
2026-10-02,coupang,412,01,53a83c624df2dbbf8ca1ce28,True,,63000
2026-10-02,coupang,412,01,49d277f4b91aa93314fb6ef9,True,,64000
2026-10-02,coupang,611,05,fefec7bdb29c2f5dad1ac894,True,,1990
2026-10-02,coupang,611,05,f93d914128f0907333d75d37,False,match_rejected,4800
2026-10-02,coupang,611,05,bea5796d20e1ebb99117bf7a,False,match_rejected,10400
2026-10-02,coupang,611,05,1293cd37d4f1fd02a97f272d,False,match_rejected,7435
2026-10-02,coupang,611,05,7dc7717f001ffaf5d401b002,False,match_rejected,4025
2026-10-02,coupang,611,05,1a2679aee7be355c3e15c5d5,False,match_rejected,7250
2026-10-02,coupang,611,05,18ec85bc5864d213abd7f028,False,match_rejected,2780
2026-10-02,coupang,611,05,fcb2788f859dc5d1dfc11068,False,unavailable,3200
2026-10-02,coupang,611,05,682c54c878e05e110d55d9d7,False,match_rejected,5392
2026-10-02,coupang,257,00,8e30f5bcb5429178f19df15a,True,,6900
2026-10-02,coupang,257,00,2f1a75c07cb0cd9f0874e92f,True,,6900
2026-10-02,coupang,257,00,310ef174c8a19a75a294d38b,True,,7900
2026-10-02,coupang,257,00,ca4cab170d15019deaf6f4fb,False,match_rejected,5520
2026-10-02,coupang,257,00,f52b4b8a306dd4d3a8dde570,False,match_rejected,8310
2026-10-02,coupang,257,00,65c841146274faf25c22e73a,False,match_rejected,9990
2026-10-02,coupang,257,00,a976cfbbca309bfe408d43b2,False,unavailable,9900
2026-10-02,coupang,257,00,8fc55e5f49d53e38bf67c6ae,False,match_rejected,11860
2026-10-02,coupang,257,00,480b7a28fec19d53e7f8cdb2,False,match_rejected,11860
2026-10-02,coupang,257,00,d788a03256ef2855318d57d1,False,match_rejected,5520
2026-10-02,coupang,257,00,d0279d69b1015086226e11f1,False,match_rejected,11990
2026-10-02,coupang,257,00,fbbd081fdef4a67773b95bd6,False,match_rejected,17900
2026-10-02,coupang,257,00,68899dee20f985f23fbab642,False,match_rejected,8520
2026-10-02,coupang,257,00,518fa993ba85e88d2f0d7ed0,False,match_rejected,4830
2026-10-02,coupang,257,00,2b9d7d7343fb3aeb195ba72a,False,unavailable,2470
2026-10-02,coupang,257,00,a80629a91dcc7ffb369d9c01,False,match_rejected,14230
2026-10-02,coupang,257,00,f14326e1713805bfaabde736,False,match_rejected,9980
2026-10-02,coupang,257,00,3d3232286c70bf70ff4f0b3a,False,match_rejected,5520
2026-10-02,coupang,257,00,872f0f662950cb9a366953c8,False,match_rejected,5990
2026-10-02,coupang,257,00,3945dc7e8620945fa52f63e0,False,match_rejected,5980
2026-10-02,coupang,257,00,f1da8ad7c192ffc2b19fb5a8,False,unavailable,7480
2026-10-02,coupang,257,00,eab166a3e4d77b7a78e2ba86,False,match_rejected,8310
2026-10-02,coupang,257,00,a131013520e6206425a04766,False,unavailable,14990
2026-10-02,coupang,257,00,79b4ca661ee658aa23ca8a5b,False,match_rejected,6900
2026-10-02,coupang,257,00,c5c57913e7da53262aade821,False,unavailable,7480
2026-10-02,coupang,257,00,ca52a7888584eb451232d9fa,False,match_rejected,12990
2026-10-02,coupang,257,00,495b7394b7778ad1c979ea71,False,match_rejected,12370
2026-10-02,coupang,257,00,b4e52e567f73831eca7cc6de,False,match_rejected,4110
2026-10-03,naver,111,10,949f2354e3fe5316d2023a0f,True,,32900
2026-10-03,naver,111,10,d9f782f13b44b2cf15928558,True,,35900
2026-10-03,naver,111,10,2f296281d9ffe82bd31cb815,True,,37300
2026-10-03,naver,111,10,fdf08dcdfec1615919a71fbb,True,,37900
2026-10-03,naver,111,10,411a0aec1c837aeedc4a716c,True,,39900
2026-10-03,naver,111,10,ac3f774ade0dbf46cdad51cd,False,match_rejected,39900
2026-10-03,naver,111,10,24b168ca0eb7177e915bc988,False,match_rejected,43870
2026-10-03,naver,111,10,bc35d05de32c80efcec3af73,False,sample_limit,39900
2026-10-03,naver,111,10,d598be86159786ba76885eea,False,sample_limit,44000
2026-10-03,naver,111,10,ed62539b2e8bb3eb83d3bde2,False,sample_limit,44900
2026-10-03,coupang,111,10,0693f68464e3c1a65fe0fa63,True,,62120
2026-10-03,coupang,111,10,c21c1012c1f48c8d2ea0546e,False,low_price_outlier,27800
2026-10-03,coupang,111,10,dec7b87e4271182c376bb510,False,low_price_outlier,30400
2026-10-03,coupang,111,10,5e9ce4770a68b599476493ad,False,low_price_outlier,31900
2026-10-03,coupang,111,10,0e74df760582ed834fe81ab9,False,low_price_outlier,31900
2026-10-03,coupang,111,10,a99dd14fc5f7bda49e48b930,False,low_price_outlier,35900
2026-10-03,coupang,111,10,39936576049871a2057df1f4,False,low_price_outlier,35990
2026-10-03,coupang,111,10,d50285739868227d01b41c59,False,low_price_outlier,46900
2026-10-03,naver,152,00,d793b0cb21856633188eb230,True,,6000
2026-10-03,naver,152,00,6534daf854e405a044903ad5,True,,6150
2026-10-03,naver,152,00,3f3b733a2c1109995e38524e,True,,6200
2026-10-03,naver,152,00,58e6cba05dbd4381738ba1d7,True,,6500
2026-10-03,naver,152,00,1f9880d48f70f4217c581330,True,,6500
2026-10-03,naver,152,00,5c95140d6f2246c8263a3fee,False,match_rejected,3990
2026-10-03,naver,152,00,30cfe7757db793d833f787b6,False,match_rejected,4990
2026-10-03,naver,152,00,bed30f39c9727dcbf27ae68c,False,match_rejected,3990
2026-10-03,naver,152,00,680e0a6e29ea7eab3cf26d22,False,match_rejected,4990
2026-10-03,naver,152,00,c34858ce2df4932440471734,False,match_rejected,3980
2026-10-03,naver,152,00,3f4bf9ae70542ad3c1e08a41,False,match_rejected,3980
2026-10-03,naver,152,00,c32a8d01c1f796d2c5ba0244,False,sample_limit,6900
2026-10-03,naver,152,00,bd381cb28bd6797a4b8b0ac8,False,sample_limit,8000
2026-10-03,naver,152,00,bc2d9c0a4d469490afaeff84,False,sample_limit,8100
2026-10-03,coupang,152,00,d82bd08ac8c39a303601ec7a,True,,5400
2026-10-03,coupang,152,00,d908236b6b02c94f7c1120f5,True,,5720
2026-10-03,coupang,152,00,6b8ee4b6a59cc463ac57a46d,True,,5900
2026-10-03,coupang,152,00,233f53b6cdc0e69e631086d3,True,,6220
2026-10-03,coupang,152,00,ddf9a7b98d8e2210fd9151eb,True,,6470
2026-10-03,coupang,152,00,faaa2e8a994990e14c64fd62,False,match_rejected,2590
2026-10-03,coupang,152,00,15c415855fc07373eae6160a,False,match_rejected,2490
2026-10-03,coupang,152,00,6ba493339ed31b0b3e751af2,False,match_rejected,3480
2026-10-03,coupang,152,00,fe7ffec7fda9c4677bed8f39,False,match_rejected,4880
2026-10-03,coupang,152,00,1bcaa518600e01a6ca673be5,False,match_rejected,3180
2026-10-03,coupang,152,00,105fa25ae0220236dcc6f8c0,False,match_rejected,3990
2026-10-03,coupang,152,00,96159397fa54b5a4651fdc1a,False,match_rejected,3660
2026-10-03,coupang,152,00,b1d879c9aeecc3ed023b19f9,False,match_rejected,4170
2026-10-03,coupang,152,00,bd5d67081513012395fb11d0,False,match_rejected,3280
2026-10-03,coupang,152,00,60651dbb5a1e6d1d40b40f5e,False,match_rejected,2480
2026-10-03,coupang,152,00,b3b945da790244edb392d1ff,False,low_price_outlier,1580
2026-10-03,coupang,152,00,1e7df3eb14df74cd5d4c6e88,False,low_price_outlier,4460
2026-10-03,coupang,152,00,d6b95c6d86a838118f097924,False,low_price_outlier,4680
2026-10-03,naver,211,03,3981163896698e337d8aae66,True,,12500
2026-10-03,naver,211,03,085a967732f1cf496779a8a3,False,low_price_outlier,3000
2026-10-03,naver,211,03,6a9c4ebc0c20ccc66db87c34,False,low_price_outlier,5833.333333333333333333333333
2026-10-03,naver,211,03,969ebd7eaaca7e1f12fc36e5,False,low_price_outlier,6600
2026-10-03,naver,211,03,11291c62eeb906024837980a,False,low_price_outlier,7233.333333333333333333333333
2026-10-03,naver,211,03,1c37e697bfd800dd09fd4552,False,low_price_outlier,8333.333333333333333333333333
2026-10-03,naver,211,03,454c00ec41b05fd4e2970bca,False,low_price_outlier,9200
2026-10-03,naver,211,03,20d04e69756059146ebda672,False,low_price_outlier,9466.666666666666666666666667
2026-10-03,coupang,211,03,2133b0dc9cfe8e26a8687106,True,,12500
2026-10-03,coupang,211,03,c66b4fc7a066b01f2563b41a,True,,12900
2026-10-03,coupang,211,03,740e65a83e6fb2ae2c984c96,False,low_price_outlier,10440
2026-10-03,naver,225,00,f1af3ff6d4d0af9feb5c3dc2,True,,9300
2026-10-03,naver,225,00,3802d6d9774b3ca4fbacd4dc,True,,9900
2026-10-03,naver,225,00,269d98b655a504dda097c7b8,True,,10300
2026-10-03,naver,225,00,2bd12957bfd4c826360191c7,False,match_rejected,17000
2026-10-03,naver,225,00,351e539a4f7b25dd7f5fd493,False,match_rejected,17000
2026-10-03,naver,225,00,e7309030d8b041f9277d10c8,False,match_rejected,14900
2026-10-03,coupang,225,00,e1bb6f29d1bd2bdcfc1e347e,True,,8300
2026-10-03,coupang,225,00,a57a4ba24c67a90aa91a4988,True,,8900
2026-10-03,coupang,225,00,4fe8b9f5e10ce979cfdee209,True,,8900
2026-10-03,coupang,225,00,7f17a1b47736589f1fcb1194,True,,9900
2026-10-03,coupang,225,00,40aa2a403e58862d5fc5c524,True,,10900
2026-10-03,coupang,225,00,d6d8cc330673c4e59bee3247,False,unavailable,6980
2026-10-03,coupang,225,00,79bb26287abac08983107f65,False,match_rejected,8250
2026-10-03,coupang,225,00,5411dae3d524737d85bb2b8b,False,match_rejected,8250
2026-10-03,coupang,225,00,35d2747f01ec413fb19ed82a,False,low_price_outlier,3700
2026-10-03,coupang,225,00,f4adfa2cd773080681810f6a,False,low_price_outlier,3700
2026-10-03,coupang,225,00,7e2854f02113f985c75997dc,False,low_price_outlier,4104
2026-10-03,naver,231,03,491cc1402ba95ff2a7319fba,True,,5600
2026-10-03,coupang,231,03,5d9de5b343f966615939216e,True,,6120
2026-10-03,naver,245,00,65c99611273b04d34b77f56c,True,,9000
2026-10-03,naver,245,00,05c0aa5cc14860a929d9da01,True,,9900
2026-10-03,naver,245,00,de5c60e3c265324b282d5398,False,unavailable,16500
2026-10-03,naver,245,00,df54e06160e02bf210591d7a,False,match_rejected,4980
2026-10-03,naver,245,00,41dd4e45dea35778e7285354,False,low_price_outlier,4800
2026-10-03,naver,245,00,d9ee868dd7dcf9af2b459452,False,low_price_outlier,5100
2026-10-03,naver,245,00,51888b1789720726e77744f0,False,low_price_outlier,5800
2026-10-03,naver,245,00,bdaddcfdc4c41357ceaf529d,False,low_price_outlier,5900
2026-10-03,naver,245,00,5a120ab2a4ab7ea88f461f7d,False,low_price_outlier,5900
2026-10-03,naver,245,00,2f23b7992ff60672933ad0d2,False,low_price_outlier,6500
2026-10-03,coupang,245,00,d58d3edb024eb7e15f583b49,True,,5500
2026-10-03,coupang,245,00,5842e0374923df389b2e4cdc,True,,5650
2026-10-03,coupang,245,00,9332256e022811b56538eee2,True,,5800
2026-10-03,coupang,245,00,1730f253f7b0d8f4fd626a36,True,,6130
2026-10-03,coupang,245,00,d199a6e3e7a5ff2da12f69a7,True,,6500
2026-10-03,coupang,245,00,3415fae87951f69b70bb0607,False,match_rejected,2580
2026-10-03,coupang,245,00,c12836a393e567217453c322,False,match_rejected,2180
2026-10-03,coupang,245,00,19f291b1347e11b304dd9257,False,match_rejected,5090
2026-10-03,coupang,245,00,38fefbe0cb49b37af377fe30,False,match_rejected,4590
2026-10-03,coupang,245,00,006c0bb151dc18762c630933,False,match_rejected,3290
2026-10-03,coupang,245,00,f8065acc0c3cee5d6e652147,False,match_rejected,5090
2026-10-03,coupang,245,00,3cb1726863043d31d7e0cce8,False,match_rejected,2053.333333333333333333333333
2026-10-03,coupang,245,00,f0d22412ac5f9c2d6f826e71,False,low_price_outlier,3990
2026-10-03,coupang,245,00,029782063da0abaed50a95b5,False,low_price_outlier,4900
2026-10-03,coupang,245,00,4124ab650c4e8fb816c73d3f,False,sample_limit,6800
2026-10-03,naver,257,00,faad57c621fd9be4f028f0fd,True,,15400
2026-10-03,naver,257,00,063af1fd924f5f084a0b58ad,True,,15500
2026-10-03,naver,257,00,d70db85654665df88e6d5eac,True,,15500
2026-10-03,naver,257,00,6eef11d5d0d042d2edf8555c,True,,18900
2026-10-03,naver,257,00,9b47e51d958d3bd996f2d5b7,True,,19900
2026-10-03,naver,257,00,1169210a49d2d27de28d13c1,False,unavailable,31900
2026-10-03,naver,257,00,c73346225ff2c4438a96b8bc,False,low_price_outlier,11500
2026-10-03,naver,257,00,104fce4148294bbf58fc9f93,False,low_price_outlier,12500
2026-10-03,naver,257,00,304639d55f32beca84f78105,False,low_price_outlier,13200
2026-10-03,coupang,257,00,8e30f5bcb5429178f19df15a,True,,6900
2026-10-03,coupang,257,00,2f1a75c07cb0cd9f0874e92f,True,,6900
2026-10-03,coupang,257,00,c73108c6c9651b70cb86dc67,True,,6900
2026-10-03,coupang,257,00,879baa85353f69bca1435dc7,True,,7900
2026-10-03,coupang,257,00,53c0ddd26d51860c008a51db,True,,7900
2026-10-03,coupang,257,00,4a050ba81204de88fdad5072,False,match_rejected,5520
2026-10-03,coupang,257,00,755e7434f82eb5b8ee0bf9f5,False,match_rejected,8310
2026-10-03,coupang,257,00,c3c893370c2653d49aa8d2d0,False,match_rejected,9990
2026-10-03,coupang,257,00,61b614221d9d8a7c38117ba1,False,match_rejected,9900
2026-10-03,coupang,257,00,ac14714081cebf7f2bedd8c1,False,match_rejected,11860
2026-10-03,coupang,257,00,436fc4c54e8f0d9ca66fed33,False,match_rejected,5520
2026-10-03,coupang,257,00,3f230cc899f7aa7d9fb00220,False,match_rejected,11860
2026-10-03,coupang,257,00,e6c82a9c145f94b59225acc6,False,match_rejected,11990
2026-10-03,coupang,257,00,3280f57536e9846369810d5f,False,match_rejected,17900
2026-10-03,coupang,257,00,ad31325e9a2b54af95fb0874,False,match_rejected,4830
2026-10-03,coupang,257,00,98a564aa55de789a0dc85ec2,False,match_rejected,2470
2026-10-03,coupang,257,00,a60f02243ff75ac560d09076,False,match_rejected,8520
2026-10-03,coupang,257,00,5d9a4d1703977deab7c51967,False,match_rejected,9980
2026-10-03,coupang,257,00,b571f56f00abb8454efc88e8,False,unavailable,5520
2026-10-03,coupang,257,00,d14832002a369899141aac45,False,match_rejected,5980
2026-10-03,coupang,257,00,88a6b67bec9e4053d15f689d,False,match_rejected,9230
2026-10-03,coupang,257,00,97dd44d20b5a355159cfd980,False,match_rejected,5990
2026-10-03,coupang,257,00,e1224f5dc0b53c32e0e67bad,False,match_rejected,14990
2026-10-03,coupang,257,00,c1829665b55968a09a93c4a5,False,match_rejected,14230
2026-10-03,coupang,257,00,687c5bed8d5a21ebce7e170e,False,match_rejected,8310
2026-10-03,coupang,257,00,2821c108930929ecf114f39f,False,unavailable,6900
2026-10-03,coupang,257,00,c36e8e223b2af311ee637478,False,unavailable,7480
2026-10-03,coupang,257,00,cec9e65190d89f567a73f2ce,False,match_rejected,6900
2026-10-03,coupang,257,00,d7bb20db84b672ded929e42e,False,match_rejected,8310
2026-10-03,naver,258,01,5e11e61d48b9d8f812e09ca6,True,,12900
2026-10-03,naver,258,01,cbf4d566af3819fc31d120e4,True,,12950
2026-10-03,naver,258,01,6db20f94d9a2986b22a5777f,True,,16500
2026-10-03,naver,258,01,72836971930086fcaa0c3d5d,False,match_rejected,14900
2026-10-03,naver,258,01,071e95c885737cb9a4d34aa8,False,match_rejected,15900
2026-10-03,naver,258,01,f98dc52d09f7dd7ae4d80bb4,False,low_price_outlier,8500
2026-10-03,naver,258,01,7e06cf9f9f461e548d9d5610,False,low_price_outlier,9900
2026-10-03,naver,258,01,dc4b789cbc8b69a1f3ef5e17,False,low_price_outlier,11100
2026-10-03,naver,258,01,5c67932a5f318aed6189f2fe,False,low_price_outlier,11400
2026-10-03,naver,258,01,8d4709e5bc54c2f8cf90350e,False,low_price_outlier,11900
2026-10-03,coupang,258,01,d33793cb188d869d19262ed2,True,,10800
2026-10-03,coupang,258,01,193a372b6a5b66ba98aca548,True,,11100
2026-10-03,coupang,258,01,cafabaef3a9b8f3699b1bdba,True,,11500
2026-10-03,coupang,258,01,e5d154f966e7f1c2d427e30a,True,,11800
2026-10-03,coupang,258,01,4b95b29e2ee1e3a5c23642de,True,,11900
2026-10-03,coupang,258,01,871affee62e25f7c067386e7,False,match_rejected,9480
2026-10-03,coupang,258,01,d7d09bfcc761a33a94cac043,False,match_rejected,9990
2026-10-03,coupang,258,01,421d86dd8647320bcdcaefcd,False,match_rejected,10980
2026-10-03,coupang,258,01,de47873236353621f55d0afe,False,match_rejected,15980
2026-10-03,coupang,258,01,50d920500f2e19cd3662c961,False,low_price_outlier,9000
2026-10-03,coupang,258,01,92ebe953828c7e7ae9b72d5e,False,sample_limit,13800
2026-10-03,coupang,258,01,06235e22e526e635ce279111,False,sample_limit,15800
2026-10-03,coupang,412,01,def5bc2dfd0ec9fa73cbb5e7,True,,63000
2026-10-03,coupang,412,01,4211a32e1239fe93ef5aa5fe,True,,64000
2026-10-03,coupang,611,05,c9432b3a7de8028334e67b0b,True,,1990
2026-10-03,coupang,611,05,8e635cb9f2901ed80b7cb874,True,,2080
2026-10-03,coupang,611,05,94e691bd175c7e6f9474d272,False,match_rejected,4800
2026-10-03,coupang,611,05,dbfd1add6b4eb6f6cdd3c506,False,match_rejected,4800
2026-10-03,coupang,611,05,65bee34434c3625429198c1a,False,match_rejected,10400
2026-10-03,coupang,611,05,d2455f5e68a6d7cf5a37eeaa,False,match_rejected,7435
2026-10-03,coupang,611,05,64b71ff2a809e5cfe20d232d,False,match_rejected,7250
2026-10-03,coupang,611,05,95b3a771a868c69905f8ddbd,False,match_rejected,4025
2026-10-03,coupang,611,05,306f0cfc45414055833e17c8,False,match_rejected,2780
2026-10-03,coupang,611,05,40bc0d63482a5165c5e66301,False,match_rejected,3200
2026-10-03,coupang,611,05,e8b3c2b3a3fbe9f470ad76e4,False,match_rejected,9310
